,Title,URL
0,10 Things I Hate About You Script,https://imsdb.com/scripts/10-Things-I-Hate-About-You.html
1,12 Script,https://imsdb.com/scripts/12.html
2,12 and Holding Script,https://imsdb.com/scripts/12-and-Holding.html
3,12 Monkeys Script,https://imsdb.com/scripts/12-Monkeys.html
4,12 Years a Slave Script,https://imsdb.com/scripts/12-Years-a-Slave.html
5,127 Hours Script,https://imsdb.com/scripts/127-Hours.html
6,1492: Conquest of Paradise Script,https://imsdb.com/scripts/1492:-Conquest-of-Paradise.html
7,15 Minutes Script,https://imsdb.com/scripts/15-Minutes.html
8,17 Again Script,https://imsdb.com/scripts/17-Again.html
9,187 Script,https://imsdb.com/scripts/187.html
10,2001: A Space Odyssey Script,https://imsdb.com/scripts/2001:-A-Space-Odyssey.html
11,2012 Script,https://imsdb.com/scripts/2012.html
12,25th Hour Script,https://imsdb.com/scripts/25th-Hour.html
13,28 Days Later Script,https://imsdb.com/scripts/28-Days-Later.html
14,30 Minutes or Less Script,https://imsdb.com/scripts/30-Minutes-or-Less.html
15,42 Script,https://imsdb.com/scripts/42.html
16,44 Inch Chest Script,https://imsdb.com/scripts/44-Inch-Chest.html
17,48 Hrs. Script,https://imsdb.com/scripts/48-Hrs..html
18,50-50 Script,https://imsdb.com/scripts/50-50.html
19,500 Days of Summer Script,https://imsdb.com/scripts/500-Days-of-Summer.html
20,8 Mile Script,https://imsdb.com/scripts/8-Mile.html
21,8MM Script,https://imsdb.com/scripts/8MM.html
22,9 Script,https://imsdb.com/scripts/9.html
23,A Few Good Men Script,https://imsdb.com/scripts/A-Few-Good-Men.html
24,A Most Violent Year Script,https://imsdb.com/scripts/A-Most-Violent-Year.html
25,A Prayer Before Dawn Script,https://imsdb.com/scripts/A-Prayer-Before-Dawn.html
26,A Quiet Place Script,https://imsdb.com/scripts/A-Quiet-Place.html
27,A Scanner Darkly Script,https://imsdb.com/scripts/A-Scanner-Darkly.html
28,A Serious Man Script,https://imsdb.com/scripts/A-Serious-Man.html
30,Above the Law Script,https://imsdb.com/scripts/Above-the-Law.html
31,Absolute Power Script,https://imsdb.com/scripts/Absolute-Power.html
32,"Abyss, The Script","https://imsdb.com/scripts/Abyss,-The.html"
33,Ace Ventura: Pet Detective Script,https://imsdb.com/scripts/Ace-Ventura:-Pet-Detective.html
34,Adaptation Script,https://imsdb.com/scripts/Adaptation.html
35,"Addams Family, The Script","https://imsdb.com/scripts/Addams-Family,-The.html"
36,"Adjustment Bureau, The Script","https://imsdb.com/scripts/Adjustment-Bureau,-The.html"
37,"Adventures of Buckaroo Banzai Across the Eighth Dimension, The Script","https://imsdb.com/scripts/Adventures-of-Buckaroo-Banzai-Across-the-Eighth-Dimension,-The.html"
38,Affliction Script,https://imsdb.com/scripts/Affliction.html
39,After School Special Script,https://imsdb.com/scripts/After-School-Special.html
40,After.Life Script,https://imsdb.com/scripts/After.Life.html
41,Agnes of God Script,https://imsdb.com/scripts/Agnes-of-God.html
42,Air Force One Script,https://imsdb.com/scripts/Air-Force-One.html
43,Airplane Script,https://imsdb.com/scripts/Airplane.html
44,Airplane 2: The Sequel Script,https://imsdb.com/scripts/Airplane-2:-The-Sequel.html
45,Aladdin Script,https://imsdb.com/scripts/Aladdin.html
46,Ali Script,https://imsdb.com/scripts/Ali.html
47,Alien Script,https://imsdb.com/scripts/Alien.html
48,Alien 3 Script,https://imsdb.com/scripts/Alien-3.html
49,Alien Nation Script,https://imsdb.com/scripts/Alien-Nation.html
50,Alien vs. Predator Script,https://imsdb.com/scripts/Alien-vs.-Predator.html
51,Alien: Resurrection Script,https://imsdb.com/scripts/Alien:-Resurrection.html
52,Aliens Script,https://imsdb.com/scripts/Aliens.html
53,All About Eve Script,https://imsdb.com/scripts/All-About-Eve.html
54,All About Steve Script,https://imsdb.com/scripts/All-About-Steve.html
55,All the King's Men Script,https://imsdb.com/scripts/All-the-King's-Men.html
56,All the President's Men Script,https://imsdb.com/scripts/All-the-President's-Men.html
57,Almost Famous Script,https://imsdb.com/scripts/Almost-Famous.html
58,Alone in the Dark Script,https://imsdb.com/scripts/Alone-in-the-Dark.html
59,Amadeus Script,https://imsdb.com/scripts/Amadeus.html
60,Amelia Script,https://imsdb.com/scripts/Amelia.html
61,American Beauty Script,https://imsdb.com/scripts/American-Beauty.html
62,American Gangster Script,https://imsdb.com/scripts/American-Gangster.html
63,American Graffiti Script,https://imsdb.com/scripts/American-Graffiti.html
64,American History X Script,https://imsdb.com/scripts/American-History-X.html
65,American Hustle Script,https://imsdb.com/scripts/American-Hustle.html
66,American Madness Script,https://imsdb.com/scripts/American-Madness.html
67,American Milkshake Script,https://imsdb.com/scripts/American-Milkshake.html
68,American Outlaws Script,https://imsdb.com/scripts/American-Outlaws.html
69,American Pie Script,https://imsdb.com/scripts/American-Pie.html
70,"American President, The Script","https://imsdb.com/scripts/American-President,-The.html"
71,American Psycho Script,https://imsdb.com/scripts/American-Psycho.html
72,American Shaolin: King of Kickboxers II Script,https://imsdb.com/scripts/American-Shaolin:-King-of-Kickboxers-II.html
73,American Sniper Script,https://imsdb.com/scripts/American-Sniper.html
74,American Splendor Script,https://imsdb.com/scripts/American-Splendor.html
75,American Werewolf in London Script,https://imsdb.com/scripts/American-Werewolf-in-London.html
76,"American, The Script","https://imsdb.com/scripts/American,-The.html"
77,"Amityville Asylum, The Script","https://imsdb.com/scripts/Amityville-Asylum,-The.html"
78,Amour Script,https://imsdb.com/scripts/Amour.html
79,An Education Script,https://imsdb.com/scripts/An-Education.html
80,Analyze That Script,https://imsdb.com/scripts/Analyze-That.html
81,Analyze This Script,https://imsdb.com/scripts/Analyze-This.html
82,Anastasia Script,https://imsdb.com/scripts/Anastasia.html
83,Angel Eyes Script,https://imsdb.com/scripts/Angel-Eyes.html
84,Angels & Demons Script,https://imsdb.com/scripts/Angels-&-Demons.html
85,Anna Karenina Script,https://imsdb.com/scripts/Anna-Karenina.html
86,Annie Hall Script,https://imsdb.com/scripts/Annie-Hall.html
87,"Anniversary Party, The Script","https://imsdb.com/scripts/Anniversary-Party,-The.html"
88,Anonymous Script,https://imsdb.com/scripts/Anonymous.html
89,Antitrust Script,https://imsdb.com/scripts/Antitrust.html
90,Antz Script,https://imsdb.com/scripts/Antz.html
91,"Apartment, The Script","https://imsdb.com/scripts/Apartment,-The.html"
92,Apocalypse Now Script,https://imsdb.com/scripts/Apocalypse-Now.html
93,Apollo 13 Script,https://imsdb.com/scripts/Apollo-13.html
94,April Fool's Day Script,https://imsdb.com/scripts/April-Fool's-Day.html
95,Apt Pupil Script,https://imsdb.com/scripts/Apt-Pupil.html
96,Arbitrage Script,https://imsdb.com/scripts/Arbitrage.html
97,Arcade Script,https://imsdb.com/scripts/Arcade.html
98,Arctic Blue Script,https://imsdb.com/scripts/Arctic-Blue.html
99,Argo Script,https://imsdb.com/scripts/Argo.html
100,Armageddon Script,https://imsdb.com/scripts/Armageddon.html
101,Army of Darkness Script,https://imsdb.com/scripts/Army-of-Darkness.html
102,Arsenic and Old Lace Script,https://imsdb.com/scripts/Arsenic-and-Old-Lace.html
103,Arthur Script,https://imsdb.com/scripts/Arthur.html
104,"Artist, The Script","https://imsdb.com/scripts/Artist,-The.html"
105,As Good As It Gets Script,https://imsdb.com/scripts/As-Good-As-It-Gets.html
106,Assassins Script,https://imsdb.com/scripts/Assassins.html
107,"Assignment, The Script","https://imsdb.com/scripts/Assignment,-The.html"
108,At First Sight Script,https://imsdb.com/scripts/At-First-Sight.html
109,August: Osage County Script,https://imsdb.com/scripts/August:-Osage-County.html
110,Austin Powers - International Man of Mystery Script,https://imsdb.com/scripts/Austin-Powers---International-Man-of-Mystery.html
111,Austin Powers - The Spy Who Shagged Me Script,https://imsdb.com/scripts/Austin-Powers---The-Spy-Who-Shagged-Me.html
112,Authors Anonymous Script,https://imsdb.com/scripts/Authors-Anonymous.html
113,Autumn in New York Script,https://imsdb.com/scripts/Autumn-in-New-York.html
114,Avatar Script,https://imsdb.com/scripts/Avatar.html
115,"Avengers, The Script","https://imsdb.com/scripts/Avengers,-The.html"
116,"Avengers, The (2012) Script","https://imsdb.com/scripts/Avengers,-The-(2012).html"
117,"Avventura, L' (The Adventure) Script","https://imsdb.com/scripts/Avventura,-L'-(The-Adventure).html"
118,Awakenings Script,https://imsdb.com/scripts/Awakenings.html
119,Babel Script,https://imsdb.com/scripts/Babel.html
120,Bachelor Party Script,https://imsdb.com/scripts/Bachelor-Party.html
121,"Bachelor Party, The Script","https://imsdb.com/scripts/Bachelor-Party,-The.html"
122,Back to the Future Script,https://imsdb.com/scripts/Back-to-the-Future.html
123,Back to the Future II & III Script,https://imsdb.com/scripts/Back-to-the-Future-II-&-III.html
124,"Back-up Plan, The Script","https://imsdb.com/scripts/Back-up-Plan,-The.html"
125,Backdraft Script,https://imsdb.com/scripts/Backdraft.html
126,Bad Boys Script,https://imsdb.com/scripts/Bad-Boys.html
127,Bad Country Script,https://imsdb.com/scripts/Bad-Country.html
128,Bad Day at Black Rock Script,https://imsdb.com/scripts/Bad-Day-at-Black-Rock.html
129,Bad Dreams Script,https://imsdb.com/scripts/Bad-Dreams.html
130,Bad Lieutenant Script,https://imsdb.com/scripts/Bad-Lieutenant.html
131,Bad Santa Script,https://imsdb.com/scripts/Bad-Santa.html
132,Bad Teacher Script,https://imsdb.com/scripts/Bad-Teacher.html
133,Badlands Script,https://imsdb.com/scripts/Badlands.html
134,Bamboozled Script,https://imsdb.com/scripts/Bamboozled.html
135,Barry Lyndon Script,https://imsdb.com/scripts/Barry-Lyndon.html
136,Barton Fink Script,https://imsdb.com/scripts/Barton-Fink.html
137,Basic Script,https://imsdb.com/scripts/Basic.html
138,Basic Instinct Script,https://imsdb.com/scripts/Basic-Instinct.html
139,Basquiat Script,https://imsdb.com/scripts/Basquiat.html
140,Batman Script,https://imsdb.com/scripts/Batman.html
141,Batman 2 Script,https://imsdb.com/scripts/Batman-2.html
146,"Battle of Algiers, The Script","https://imsdb.com/scripts/Battle-of-Algiers,-The.html"
147,"Battle of Shaker Heights, The Script","https://imsdb.com/scripts/Battle-of-Shaker-Heights,-The.html"
148,Battle: Los Angeles Script,https://imsdb.com/scripts/Battle:-Los-Angeles.html
149,"Beach, The Script","https://imsdb.com/scripts/Beach,-The.html"
150,Bean Script,https://imsdb.com/scripts/Bean.html
151,Beasts of No Nation Script,https://imsdb.com/scripts/Beasts-of-No-Nation.html
152,Beasts of the Southern Wild Script,https://imsdb.com/scripts/Beasts-of-the-Southern-Wild.html
153,Beauty and the Beast Script,https://imsdb.com/scripts/Beauty-and-the-Beast.html
154,Beavis and Butt-head Do America Script,https://imsdb.com/scripts/Beavis-and-Butt-head-Do-America.html
155,Beginners Script,https://imsdb.com/scripts/Beginners.html
156,Being Human Script,https://imsdb.com/scripts/Being-Human.html
157,Being John Malkovich Script,https://imsdb.com/scripts/Being-John-Malkovich.html
158,Being There Script,https://imsdb.com/scripts/Being-There.html
159,"Believer, The Script","https://imsdb.com/scripts/Believer,-The.html"
160,Belle Script,https://imsdb.com/scripts/Belle.html
161,Beloved Script,https://imsdb.com/scripts/Beloved.html
162,Benny & Joon Script,https://imsdb.com/scripts/Benny-&-Joon.html
163,"Best Exotic Marigold Hotel, The Script","https://imsdb.com/scripts/Best-Exotic-Marigold-Hotel,-The.html"
164,Big Script,https://imsdb.com/scripts/Big.html
165,"Big Blue, The Script","https://imsdb.com/scripts/Big-Blue,-The.html"
166,Big Eyes Script,https://imsdb.com/scripts/Big-Eyes.html
167,Big Fish Script,https://imsdb.com/scripts/Big-Fish.html
168,"Big Lebowski, The Script","https://imsdb.com/scripts/Big-Lebowski,-The.html"
169,"Big Sick, The Script","https://imsdb.com/scripts/Big-Sick,-The.html"
170,"Big White, The Script","https://imsdb.com/scripts/Big-White,-The.html"
171,Birdman Script,https://imsdb.com/scripts/Birdman.html
172,"Birds, The Script","https://imsdb.com/scripts/Birds,-The.html"
173,Birthday Girl Script,https://imsdb.com/scripts/Birthday-Girl.html
174,"Black Dahlia, The Script","https://imsdb.com/scripts/Black-Dahlia,-The.html"
175,Black Panther Script,https://imsdb.com/scripts/Black-Panther.html
176,Black Rain Script,https://imsdb.com/scripts/Black-Rain.html
177,Black Snake Moan Script,https://imsdb.com/scripts/Black-Snake-Moan.html
178,Black Swan Script,https://imsdb.com/scripts/Black-Swan.html
179,BlacKkKlansman Script,https://imsdb.com/scripts/BlacKkKlansman.html
180,Blade Script,https://imsdb.com/scripts/Blade.html
181,Blade II Script,https://imsdb.com/scripts/Blade-II.html
182,Blade Runner Script,https://imsdb.com/scripts/Blade-Runner.html
183,Blade: Trinity Script,https://imsdb.com/scripts/Blade:-Trinity.html
184,"Blast from the Past, The Script","https://imsdb.com/scripts/Blast-from-the-Past,-The.html"
185,"Blind Side, The Script","https://imsdb.com/scripts/Blind-Side,-The.html"
186,"Bling Ring, The Script","https://imsdb.com/scripts/Bling-Ring,-The.html"
187,Blood and Wine Script,https://imsdb.com/scripts/Blood-and-Wine.html
188,Blood Simple Script,https://imsdb.com/scripts/Blood-Simple.html
189,Blow Script,https://imsdb.com/scripts/Blow.html
190,Blue Valentine Script,https://imsdb.com/scripts/Blue-Valentine.html
191,Blue Velvet Script,https://imsdb.com/scripts/Blue-Velvet.html
192,"Blues Brothers, The Script","https://imsdb.com/scripts/Blues-Brothers,-The.html"
193,"Bodies, Rest & Motion Script","https://imsdb.com/scripts/Bodies,-Rest-&-Motion.html"
194,Body Heat Script,https://imsdb.com/scripts/Body-Heat.html
195,Body of Evidence Script,https://imsdb.com/scripts/Body-of-Evidence.html
196,Bodyguard Script,https://imsdb.com/scripts/Bodyguard.html
197,Bones Script,https://imsdb.com/scripts/Bones.html
198,Bonfire of the Vanities Script,https://imsdb.com/scripts/Bonfire-of-the-Vanities.html
199,Bonnie and Clyde Script,https://imsdb.com/scripts/Bonnie-and-Clyde.html
200,Boogie Nights Script,https://imsdb.com/scripts/Boogie-Nights.html
201,"Book of Eli, The Script","https://imsdb.com/scripts/Book-of-Eli,-The.html"
202,Boondock Saints 2: All Saints Day Script,https://imsdb.com/scripts/Boondock-Saints-2:-All-Saints-Day.html
203,"Boondock Saints, The Script","https://imsdb.com/scripts/Boondock-Saints,-The.html"
204,Bottle Rocket Script,https://imsdb.com/scripts/Bottle-Rocket.html
205,Bound Script,https://imsdb.com/scripts/Bound.html
206,"Bounty Hunter, The Script","https://imsdb.com/scripts/Bounty-Hunter,-The.html"
207,"Bourne Identity, The Script","https://imsdb.com/scripts/Bourne-Identity,-The.html"
208,"Bourne Supremacy, The Script","https://imsdb.com/scripts/Bourne-Supremacy,-The.html"
209,"Bourne Ultimatum, The Script","https://imsdb.com/scripts/Bourne-Ultimatum,-The.html"
210,"Box, The Script","https://imsdb.com/scripts/Box,-The.html"
211,"Boxtrolls, The Script","https://imsdb.com/scripts/Boxtrolls,-The.html"
212,Boyhood Script,https://imsdb.com/scripts/Boyhood.html
213,Braveheart Script,https://imsdb.com/scripts/Braveheart.html
214,Brazil Script,https://imsdb.com/scripts/Brazil.html
215,Break Script,https://imsdb.com/scripts/Break.html
216,Breakdown Script,https://imsdb.com/scripts/Breakdown.html
217,"Breakfast Club, The Script","https://imsdb.com/scripts/Breakfast-Club,-The.html"
218,Breaking Away Script,https://imsdb.com/scripts/Breaking-Away.html
219,Brick Script,https://imsdb.com/scripts/Brick.html
220,Bridesmaids Script,https://imsdb.com/scripts/Bridesmaids.html
221,Bringing Out the Dead Script,https://imsdb.com/scripts/Bringing-Out-the-Dead.html
222,Broadcast News Script,https://imsdb.com/scripts/Broadcast-News.html
223,Broken Arrow Script,https://imsdb.com/scripts/Broken-Arrow.html
224,Broken Embraces Script,https://imsdb.com/scripts/Broken-Embraces.html
225,"Brothers Bloom, The Script","https://imsdb.com/scripts/Brothers-Bloom,-The.html"
226,Bruce Almighty Script,https://imsdb.com/scripts/Bruce-Almighty.html
227,Buffy the Vampire Slayer Script,https://imsdb.com/scripts/Buffy-the-Vampire-Slayer.html
228,Bull Durham Script,https://imsdb.com/scripts/Bull-Durham.html
229,Buried Script,https://imsdb.com/scripts/Buried.html
230,Burlesque Script,https://imsdb.com/scripts/Burlesque.html
231,Burn After Reading Script,https://imsdb.com/scripts/Burn-After-Reading.html
232,Burning Annie Script,https://imsdb.com/scripts/Burning-Annie.html
233,"Butterfly Effect, The Script","https://imsdb.com/scripts/Butterfly-Effect,-The.html"
234,Cable Guy Script,https://imsdb.com/scripts/Cable-Guy.html
235,Candle to Water Script,https://imsdb.com/scripts/Candle-to-Water.html
236,Capote Script,https://imsdb.com/scripts/Capote.html
237,Carrie Script,https://imsdb.com/scripts/Carrie.html
238,Cars 2 Script,https://imsdb.com/scripts/Cars-2.html
240,Case 39 Script,https://imsdb.com/scripts/Case-39.html
241,Casino Script,https://imsdb.com/scripts/Casino.html
242,Cast Away Script,https://imsdb.com/scripts/Cast-Away.html
243,Catch Me If You Can Script,https://imsdb.com/scripts/Catch-Me-If-You-Can.html
244,Catwoman Script,https://imsdb.com/scripts/Catwoman.html
245,Cecil B. Demented Script,https://imsdb.com/scripts/Cecil-B.-Demented.html
246,Cedar Rapids Script,https://imsdb.com/scripts/Cedar-Rapids.html
247,Celeste & Jesse Forever Script,https://imsdb.com/scripts/Celeste-&-Jesse-Forever.html
248,"Cell, The Script","https://imsdb.com/scripts/Cell,-The.html"
249,Cellular Script,https://imsdb.com/scripts/Cellular.html
250,"Change-Up, The Script","https://imsdb.com/scripts/Change-Up,-The.html"
251,Changeling Script,https://imsdb.com/scripts/Changeling.html
252,Chaos Script,https://imsdb.com/scripts/Chaos.html
253,Charade Script,https://imsdb.com/scripts/Charade.html
254,Charlie's Angels Script,https://imsdb.com/scripts/Charlie's-Angels.html
255,Chasing Amy Script,https://imsdb.com/scripts/Chasing-Amy.html
256,Chasing Sleep Script,https://imsdb.com/scripts/Chasing-Sleep.html
257,Cherry Falls Script,https://imsdb.com/scripts/Cherry-Falls.html
258,Chinatown Script,https://imsdb.com/scripts/Chinatown.html
259,Christ Complex Script,https://imsdb.com/scripts/Christ-Complex.html
260,Chronicle Script,https://imsdb.com/scripts/Chronicle.html
261,"Chronicles of Narnia: The Lion, the Witch and the Wardrobe Script","https://imsdb.com/scripts/Chronicles-of-Narnia:-The-Lion,-the-Witch-and-the-Wardrobe.html"
262,"Cider House Rules, The Script","https://imsdb.com/scripts/Cider-House-Rules,-The.html"
263,"Cincinnati Kid, The Script","https://imsdb.com/scripts/Cincinnati-Kid,-The.html"
264,Cinema Paradiso Script,https://imsdb.com/scripts/Cinema-Paradiso.html
265,Cirque du Freak: The Vampire's Assistant Script,https://imsdb.com/scripts/Cirque-du-Freak:-The-Vampire's-Assistant.html
266,Citizen Kane Script,https://imsdb.com/scripts/Citizen-Kane.html
267,City of Joy Script,https://imsdb.com/scripts/City-of-Joy.html
268,Clash of the Titans Script,https://imsdb.com/scripts/Clash-of-the-Titans.html
269,Clerks Script,https://imsdb.com/scripts/Clerks.html
270,Cliffhanger Script,https://imsdb.com/scripts/Cliffhanger.html
271,"Clockwork Orange, A Script","https://imsdb.com/scripts/Clockwork-Orange,-A.html"
272,Clueless Script,https://imsdb.com/scripts/Clueless.html
273,Cobb Script,https://imsdb.com/scripts/Cobb.html
274,Coco Script,https://imsdb.com/scripts/Coco.html
275,Code of Silence Script,https://imsdb.com/scripts/Code-of-Silence.html
276,Cold Mountain Script,https://imsdb.com/scripts/Cold-Mountain.html
277,Collateral Script,https://imsdb.com/scripts/Collateral.html
278,Collateral Damage Script,https://imsdb.com/scripts/Collateral-Damage.html
279,Colombiana Script,https://imsdb.com/scripts/Colombiana.html
280,Color of Night Script,https://imsdb.com/scripts/Color-of-Night.html
281,Commando Script,https://imsdb.com/scripts/Commando.html
282,Conan the Barbarian Script,https://imsdb.com/scripts/Conan-the-Barbarian.html
283,Confessions of a Dangerous Mind Script,https://imsdb.com/scripts/Confessions-of-a-Dangerous-Mind.html
284,Confidence Script,https://imsdb.com/scripts/Confidence.html
285,Constantine Script,https://imsdb.com/scripts/Constantine.html
287,"Cooler, The Script","https://imsdb.com/scripts/Cooler,-The.html"
288,Copycat Script,https://imsdb.com/scripts/Copycat.html
289,Coraline Script,https://imsdb.com/scripts/Coraline.html
290,Coriolanus Script,https://imsdb.com/scripts/Coriolanus.html
291,Courage Under Fire Script,https://imsdb.com/scripts/Courage-Under-Fire.html
292,Cowboys & Aliens Script,https://imsdb.com/scripts/Cowboys-&-Aliens.html
293,Cradle 2 the Grave Script,https://imsdb.com/scripts/Cradle-2-the-Grave.html
294,Crank Script,https://imsdb.com/scripts/Crank.html
295,Crash Script,https://imsdb.com/scripts/Crash.html
296,"Crazy, Stupid, Love Script","https://imsdb.com/scripts/Crazy,-Stupid,-Love.html"
297,Crazylove Script,https://imsdb.com/scripts/Crazylove.html
298,Creation Script,https://imsdb.com/scripts/Creation.html
299,Crime Spree Script,https://imsdb.com/scripts/Crime-Spree.html
300,"Croods, The Script","https://imsdb.com/scripts/Croods,-The.html"
301,"Crouching Tiger, Hidden Dragon Script","https://imsdb.com/scripts/Crouching-Tiger,-Hidden-Dragon.html"
302,Croupier Script,https://imsdb.com/scripts/Croupier.html
303,"Crow Salvation, The Script","https://imsdb.com/scripts/Crow-Salvation,-The.html"
304,"Crow, The Script","https://imsdb.com/scripts/Crow,-The.html"
305,"Crow: City of Angels, The Script","https://imsdb.com/scripts/Crow:-City-of-Angels,-The.html"
306,Cruel Intentions Script,https://imsdb.com/scripts/Cruel-Intentions.html
307,Crying Game Script,https://imsdb.com/scripts/Crying-Game.html
308,Cube Script,https://imsdb.com/scripts/Cube.html
309,"Curious Case of Benjamin Button, The Script","https://imsdb.com/scripts/Curious-Case-of-Benjamin-Button,-The.html"
310,Custody Script,https://imsdb.com/scripts/Custody.html
311,Dallas Buyers Club Script,https://imsdb.com/scripts/Dallas-Buyers-Club.html
312,"Damned United, The Script","https://imsdb.com/scripts/Damned-United,-The.html"
313,Dances with Wolves Script,https://imsdb.com/scripts/Dances-with-Wolves.html
314,"Danish Girl, The Script","https://imsdb.com/scripts/Danish-Girl,-The.html"
315,Dark City Script,https://imsdb.com/scripts/Dark-City.html
316,"Dark Knight Rises, The Script","https://imsdb.com/scripts/Dark-Knight-Rises,-The.html"
318,Dark Star Script,https://imsdb.com/scripts/Dark-Star.html
319,Darkman Script,https://imsdb.com/scripts/Darkman.html
320,Date Night Script,https://imsdb.com/scripts/Date-Night.html
321,Dave Barry's Complete Guide to Guys Script,https://imsdb.com/scripts/Dave-Barry's-Complete-Guide-to-Guys.html
322,Dawn of the Dead Script,https://imsdb.com/scripts/Dawn-of-the-Dead.html
323,Day of the Dead Script,https://imsdb.com/scripts/Day-of-the-Dead.html
324,"Day the Clown Cried, The Script","https://imsdb.com/scripts/Day-the-Clown-Cried,-The.html"
325,"Day the Earth Stood Still, The Script","https://imsdb.com/scripts/Day-the-Earth-Stood-Still,-The.html"
326,Days of Heaven Script,https://imsdb.com/scripts/Days-of-Heaven.html
327,Dead Poets Society Script,https://imsdb.com/scripts/Dead-Poets-Society.html
328,Deadpool Script,https://imsdb.com/scripts/Deadpool.html
329,Dear White People Script,https://imsdb.com/scripts/Dear-White-People.html
330,Death at a Funeral Script,https://imsdb.com/scripts/Death-at-a-Funeral.html
331,Death to Smoochy Script,https://imsdb.com/scripts/Death-to-Smoochy.html
332,"Debt, The Script","https://imsdb.com/scripts/Debt,-The.html"
333,Deception Script,https://imsdb.com/scripts/Deception.html
334,Deep Cover Script,https://imsdb.com/scripts/Deep-Cover.html
335,Deep Rising Script,https://imsdb.com/scripts/Deep-Rising.html
336,"Deer Hunter, The Script","https://imsdb.com/scripts/Deer-Hunter,-The.html"
337,Defiance Script,https://imsdb.com/scripts/Defiance.html
338,"Departed, The Script","https://imsdb.com/scripts/Departed,-The.html"
339,"Descendants, The Script","https://imsdb.com/scripts/Descendants,-The.html"
340,Despicable Me 2 Script,https://imsdb.com/scripts/Despicable-Me-2.html
341,Detroit Rock City Script,https://imsdb.com/scripts/Detroit-Rock-City.html
342,Devil in a Blue Dress Script,https://imsdb.com/scripts/Devil-in-a-Blue-Dress.html
343,"Devil Wears Prada, The Script","https://imsdb.com/scripts/Devil-Wears-Prada,-The.html"
344,Devil's Advocate Script,https://imsdb.com/scripts/Devil's-Advocate.html
345,Die Hard Script,https://imsdb.com/scripts/Die-Hard.html
346,Die Hard 2 Script,https://imsdb.com/scripts/Die-Hard-2.html
347,Diner Script,https://imsdb.com/scripts/Diner.html
348,"Distinguished Gentleman, The Script","https://imsdb.com/scripts/Distinguished-Gentleman,-The.html"
349,Disturbia Script,https://imsdb.com/scripts/Disturbia.html
350,Django Unchained Script,https://imsdb.com/scripts/Django-Unchained.html
351,Do The Right Thing Script,https://imsdb.com/scripts/Do-The-Right-Thing.html
352,Dog Day Afternoon Script,https://imsdb.com/scripts/Dog-Day-Afternoon.html
353,Dogma Script,https://imsdb.com/scripts/Dogma.html
354,Donnie Brasco Script,https://imsdb.com/scripts/Donnie-Brasco.html
356,"Doors, The Script","https://imsdb.com/scripts/Doors,-The.html"
357,Double Indemnity Script,https://imsdb.com/scripts/Double-Indemnity.html
358,Drag Me to Hell Script,https://imsdb.com/scripts/Drag-Me-to-Hell.html
359,Dragonslayer Script,https://imsdb.com/scripts/Dragonslayer.html
360,Drive Script,https://imsdb.com/scripts/Drive.html
361,Drive Angry Script,https://imsdb.com/scripts/Drive-Angry.html
362,Drop Dead Gorgeous Script,https://imsdb.com/scripts/Drop-Dead-Gorgeous.html
363,"Dry White Season, A Script","https://imsdb.com/scripts/Dry-White-Season,-A.html"
364,Duck Soup Script,https://imsdb.com/scripts/Duck-Soup.html
365,Dumb and Dumber Script,https://imsdb.com/scripts/Dumb-and-Dumber.html
366,Dune Script,https://imsdb.com/scripts/Dune.html
367,E.T. Script,https://imsdb.com/scripts/E.T..html
368,Eagle Eye Script,https://imsdb.com/scripts/Eagle-Eye.html
369,Eastern Promises Script,https://imsdb.com/scripts/Eastern-Promises.html
370,Easy A Script,https://imsdb.com/scripts/Easy-A.html
371,Ed TV Script,https://imsdb.com/scripts/Ed-TV.html
372,Ed Wood Script,https://imsdb.com/scripts/Ed-Wood.html
373,Edward Scissorhands Script,https://imsdb.com/scripts/Edward-Scissorhands.html
374,Eight Legged Freaks Script,https://imsdb.com/scripts/Eight-Legged-Freaks.html
375,El Mariachi Script,https://imsdb.com/scripts/El-Mariachi.html
376,Election Script,https://imsdb.com/scripts/Election.html
377,"Elephant Man, The Script","https://imsdb.com/scripts/Elephant-Man,-The.html"
378,Elizabeth: The Golden Age Script,https://imsdb.com/scripts/Elizabeth:-The-Golden-Age.html
379,Enemy of the State Script,https://imsdb.com/scripts/Enemy-of-the-State.html
380,"English Patient, The Script","https://imsdb.com/scripts/English-Patient,-The.html"
381,Enough Script,https://imsdb.com/scripts/Enough.html
382,Entrapment Script,https://imsdb.com/scripts/Entrapment.html
383,Equilibrium Script,https://imsdb.com/scripts/Equilibrium.html
384,Erik the Viking Script,https://imsdb.com/scripts/Erik-the-Viking.html
385,Erin Brockovich Script,https://imsdb.com/scripts/Erin-Brockovich.html
386,Escape From L.A. Script,https://imsdb.com/scripts/Escape-From-L.A..html
387,Escape From New York Script,https://imsdb.com/scripts/Escape-From-New-York.html
388,Eternal Sunshine of the Spotless Mind Script,https://imsdb.com/scripts/Eternal-Sunshine-of-the-Spotless-Mind.html
389,Even Cowgirls Get the Blues Script,https://imsdb.com/scripts/Even-Cowgirls-Get-the-Blues.html
390,Event Horizon Script,https://imsdb.com/scripts/Event-Horizon.html
391,Evil Dead Script,https://imsdb.com/scripts/Evil-Dead.html
392,Evil Dead II: Dead by Dawn Script,https://imsdb.com/scripts/Evil-Dead-II:-Dead-by-Dawn.html
393,Ex Machina Script,https://imsdb.com/scripts/Ex-Machina.html
394,Excalibur Script,https://imsdb.com/scripts/Excalibur.html
396,eXistenZ Script,https://imsdb.com/scripts/eXistenZ.html
397,Extract Script,https://imsdb.com/scripts/Extract.html
399,"Fabulous Baker Boys, The Script","https://imsdb.com/scripts/Fabulous-Baker-Boys,-The.html"
400,Face Off Script,https://imsdb.com/scripts/Face-Off.html
401,Fair Game Script,https://imsdb.com/scripts/Fair-Game.html
402,"Family Man, The Script","https://imsdb.com/scripts/Family-Man,-The.html"
403,Fantastic Four Script,https://imsdb.com/scripts/Fantastic-Four.html
404,Fantastic Mr Fox Script,https://imsdb.com/scripts/Fantastic-Mr-Fox.html
405,Fargo Script,https://imsdb.com/scripts/Fargo.html
406,Fast Times at Ridgemont High Script,https://imsdb.com/scripts/Fast-Times-at-Ridgemont-High.html
407,Fatal Instinct Script,https://imsdb.com/scripts/Fatal-Instinct.html
408,"Fault in Our Stars, The Script","https://imsdb.com/scripts/Fault-in-Our-Stars,-The.html"
409,Fear and Loathing in Las Vegas Script,https://imsdb.com/scripts/Fear-and-Loathing-in-Las-Vegas.html
410,Feast Script,https://imsdb.com/scripts/Feast.html
411,Ferris Bueller's Day Off Script,https://imsdb.com/scripts/Ferris-Bueller's-Day-Off.html
412,Field of Dreams Script,https://imsdb.com/scripts/Field-of-Dreams.html
413,"Fifth Element, The Script","https://imsdb.com/scripts/Fifth-Element,-The.html"
414,Fight Club Script,https://imsdb.com/scripts/Fight-Club.html
415,"Fighter, The Script","https://imsdb.com/scripts/Fighter,-The.html"
416,Final Destination Script,https://imsdb.com/scripts/Final-Destination.html
417,Final Destination 2 Script,https://imsdb.com/scripts/Final-Destination-2.html
418,Finding Nemo Script,https://imsdb.com/scripts/Finding-Nemo.html
419,Five Easy Pieces Script,https://imsdb.com/scripts/Five-Easy-Pieces.html
420,Flash Gordon Script,https://imsdb.com/scripts/Flash-Gordon.html
421,Fletch Script,https://imsdb.com/scripts/Fletch.html
422,Flight Script,https://imsdb.com/scripts/Flight.html
423,"Flintstones, The Script","https://imsdb.com/scripts/Flintstones,-The.html"
424,Forrest Gump Script,https://imsdb.com/scripts/Forrest-Gump.html
425,Four Feathers Script,https://imsdb.com/scripts/Four-Feathers.html
426,Four Rooms Script,https://imsdb.com/scripts/Four-Rooms.html
427,Foxcatcher Script,https://imsdb.com/scripts/Foxcatcher.html
428,Fracture Script,https://imsdb.com/scripts/Fracture.html
429,Frances Script,https://imsdb.com/scripts/Frances.html
430,Frankenstein Script,https://imsdb.com/scripts/Frankenstein.html
431,Frankenweenie Script,https://imsdb.com/scripts/Frankenweenie.html
432,Freaked Script,https://imsdb.com/scripts/Freaked.html
433,Freddy vs. Jason Script,https://imsdb.com/scripts/Freddy-vs.-Jason.html
434,"French Connection, The Script","https://imsdb.com/scripts/French-Connection,-The.html"
435,Frequency Script,https://imsdb.com/scripts/Frequency.html
436,Friday the 13th Script,https://imsdb.com/scripts/Friday-the-13th.html
437,Friday the 13th Part VIII: Jason Takes Manhattan Script,https://imsdb.com/scripts/Friday-the-13th-Part-VIII:-Jason-Takes-Manhattan.html
438,Fright Night Script,https://imsdb.com/scripts/Fright-Night.html
439,Fright Night (1985) Script,https://imsdb.com/scripts/Fright-Night-(1985).html
440,From Dusk Till Dawn Script,https://imsdb.com/scripts/From-Dusk-Till-Dawn.html
441,From Here to Eternity Script,https://imsdb.com/scripts/From-Here-to-Eternity.html
442,Frozen Script,https://imsdb.com/scripts/Frozen.html
443,Frozen (Disney) Script,https://imsdb.com/scripts/Frozen-(Disney).html
444,Frozen River Script,https://imsdb.com/scripts/Frozen-River.html
445,Fruitvale Station Script,https://imsdb.com/scripts/Fruitvale-Station.html
446,"Fugitive, The Script","https://imsdb.com/scripts/Fugitive,-The.html"
448,Funny People Script,https://imsdb.com/scripts/Funny-People.html
450,G.I. Jane Script,https://imsdb.com/scripts/G.I.-Jane.html
451,G.I. Joe: The Rise of Cobra Script,https://imsdb.com/scripts/G.I.-Joe:-The-Rise-of-Cobra.html
452,Game 6 Script,https://imsdb.com/scripts/Game-6.html
453,"Game, The Script","https://imsdb.com/scripts/Game,-The.html"
454,Gamer Script,https://imsdb.com/scripts/Gamer.html
455,Gandhi Script,https://imsdb.com/scripts/Gandhi.html
456,Gang Related Script,https://imsdb.com/scripts/Gang-Related.html
457,Gangs of New York Script,https://imsdb.com/scripts/Gangs-of-New-York.html
458,Garden State Script,https://imsdb.com/scripts/Garden-State.html
459,Gattaca Script,https://imsdb.com/scripts/Gattaca.html
460,Get Carter Script,https://imsdb.com/scripts/Get-Carter.html
461,Get Low Script,https://imsdb.com/scripts/Get-Low.html
462,Get on Up Script,https://imsdb.com/scripts/Get-on-Up.html
463,Get Out Script,https://imsdb.com/scripts/Get-Out.html
464,Get Shorty Script,https://imsdb.com/scripts/Get-Shorty.html
465,"Getaway, The Script","https://imsdb.com/scripts/Getaway,-The.html"
466,Ghost Script,https://imsdb.com/scripts/Ghost.html
467,"Ghost and the Darkness, The Script","https://imsdb.com/scripts/Ghost-and-the-Darkness,-The.html"
468,Ghost Rider Script,https://imsdb.com/scripts/Ghost-Rider.html
469,Ghost Ship Script,https://imsdb.com/scripts/Ghost-Ship.html
470,Ghost World Script,https://imsdb.com/scripts/Ghost-World.html
471,Ghostbusters Script,https://imsdb.com/scripts/Ghostbusters.html
472,Ghostbusters 2 Script,https://imsdb.com/scripts/Ghostbusters-2.html
474,"Girl with the Dragon Tattoo, The Script","https://imsdb.com/scripts/Girl-with-the-Dragon-Tattoo,-The.html"
475,Gladiator Script,https://imsdb.com/scripts/Gladiator.html
476,Glengarry Glen Gross Script,https://imsdb.com/scripts/Glengarry-Glen-Gross.html
477,Go Script,https://imsdb.com/scripts/Go.html
478,Godfather Script,https://imsdb.com/scripts/Godfather.html
479,Godfather Part II Script,https://imsdb.com/scripts/Godfather-Part-II.html
480,"Godfather Part III, The Script","https://imsdb.com/scripts/Godfather-Part-III,-The.html"
481,Gods and Monsters Script,https://imsdb.com/scripts/Gods-and-Monsters.html
482,Godzilla Script,https://imsdb.com/scripts/Godzilla.html
483,Gone Baby Gone Script,https://imsdb.com/scripts/Gone-Baby-Gone.html
484,Gone in 60 Seconds Script,https://imsdb.com/scripts/Gone-in-60-Seconds.html
485,"Good Girl, The Script","https://imsdb.com/scripts/Good-Girl,-The.html"
486,Good Will Hunting Script,https://imsdb.com/scripts/Good-Will-Hunting.html
488,Gothika Script,https://imsdb.com/scripts/Gothika.html
489,Grabbers Script,https://imsdb.com/scripts/Grabbers.html
490,"Graduate, The Script","https://imsdb.com/scripts/Graduate,-The.html"
491,Gran Torino Script,https://imsdb.com/scripts/Gran-Torino.html
492,Grand Hotel Script,https://imsdb.com/scripts/Grand-Hotel.html
493,Grand Theft Parsons Script,https://imsdb.com/scripts/Grand-Theft-Parsons.html
494,"Grapes of Wrath, The Script","https://imsdb.com/scripts/Grapes-of-Wrath,-The.html"
495,Gravity Script,https://imsdb.com/scripts/Gravity.html
496,"Great Gatsby, The Script","https://imsdb.com/scripts/Great-Gatsby,-The.html"
497,"Green Mile, The Script","https://imsdb.com/scripts/Green-Mile,-The.html"
498,Gremlins Script,https://imsdb.com/scripts/Gremlins.html
499,Gremlins 2 Script,https://imsdb.com/scripts/Gremlins-2.html
500,"Grifters, The Script","https://imsdb.com/scripts/Grifters,-The.html"
501,Grosse Point Blank Script,https://imsdb.com/scripts/Grosse-Point-Blank.html
502,Groundhog Day Script,https://imsdb.com/scripts/Groundhog-Day.html
503,"Grudge, The Script","https://imsdb.com/scripts/Grudge,-The.html"
504,Guardians of the Galaxy Vol 2 Script,https://imsdb.com/scripts/Guardians-of-the-Galaxy-Vol-2.html
505,Hackers Script,https://imsdb.com/scripts/Hackers.html
506,Hall Pass Script,https://imsdb.com/scripts/Hall-Pass.html
507,Halloween Script,https://imsdb.com/scripts/Halloween.html
508,Halloween: The Curse of Michael Myers Script,https://imsdb.com/scripts/Halloween:-The-Curse-of-Michael-Myers.html
509,Hancock Script,https://imsdb.com/scripts/Hancock.html
510,"Hangover, The Script","https://imsdb.com/scripts/Hangover,-The.html"
511,Hanna Script,https://imsdb.com/scripts/Hanna.html
512,Hannah and Her Sisters Script,https://imsdb.com/scripts/Hannah-and-Her-Sisters.html
513,Hannibal Script,https://imsdb.com/scripts/Hannibal.html
514,"Happy Birthday, Wanda June Script","https://imsdb.com/scripts/Happy-Birthday,-Wanda-June.html"
515,Happy Feet Script,https://imsdb.com/scripts/Happy-Feet.html
516,Hard Rain Script,https://imsdb.com/scripts/Hard-Rain.html
517,Hard to Kill Script,https://imsdb.com/scripts/Hard-to-Kill.html
518,Harold and Kumar Go to White Castle Script,https://imsdb.com/scripts/Harold-and-Kumar-Go-to-White-Castle.html
525,"Haunting, The Script","https://imsdb.com/scripts/Haunting,-The.html"
526,He's Just Not That Into You Script,https://imsdb.com/scripts/He's-Just-Not-That-Into-You.html
527,Heat Script,https://imsdb.com/scripts/Heat.html
528,Heathers Script,https://imsdb.com/scripts/Heathers.html
529,Heavenly Creatures Script,https://imsdb.com/scripts/Heavenly-Creatures.html
530,Heavy Metal Script,https://imsdb.com/scripts/Heavy-Metal.html
531,"Hebrew Hammer, The Script","https://imsdb.com/scripts/Hebrew-Hammer,-The.html"
532,Heist Script,https://imsdb.com/scripts/Heist.html
533,Hellbound: Hellraiser II Script,https://imsdb.com/scripts/Hellbound:-Hellraiser-II.html
534,Hellboy Script,https://imsdb.com/scripts/Hellboy.html
535,Hellboy 2: The Golden Army Script,https://imsdb.com/scripts/Hellboy-2:-The-Golden-Army.html
536,Hellraiser Script,https://imsdb.com/scripts/Hellraiser.html
537,Hellraiser 3: Hell on Earth Script,https://imsdb.com/scripts/Hellraiser-3:-Hell-on-Earth.html
538,Hellraiser: Deader Script,https://imsdb.com/scripts/Hellraiser:-Deader.html
539,Hellraiser: Hellseeker Script,https://imsdb.com/scripts/Hellraiser:-Hellseeker.html
540,"Help, The Script","https://imsdb.com/scripts/Help,-The.html"
541,Henry Fool Script,https://imsdb.com/scripts/Henry-Fool.html
542,Henry's Crime Script,https://imsdb.com/scripts/Henry's-Crime.html
543,Her Script,https://imsdb.com/scripts/Her.html
544,Hesher Script,https://imsdb.com/scripts/Hesher.html
545,High Fidelity Script,https://imsdb.com/scripts/High-Fidelity.html
546,Highlander Script,https://imsdb.com/scripts/Highlander.html
547,Highlander: Endgame Script,https://imsdb.com/scripts/Highlander:-Endgame.html
548,"Hills Have Eyes, The Script","https://imsdb.com/scripts/Hills-Have-Eyes,-The.html"
549,His Girl Friday Script,https://imsdb.com/scripts/His-Girl-Friday.html
550,Hitchcock Script,https://imsdb.com/scripts/Hitchcock.html
551,"Hitchhiker's Guide to the Galaxy, The Script","https://imsdb.com/scripts/Hitchhiker's-Guide-to-the-Galaxy,-The.html"
552,Hollow Man Script,https://imsdb.com/scripts/Hollow-Man.html
553,Honeydripper Script,https://imsdb.com/scripts/Honeydripper.html
554,Horrible Bosses Script,https://imsdb.com/scripts/Horrible-Bosses.html
555,"Horse Whisperer, The Script","https://imsdb.com/scripts/Horse-Whisperer,-The.html"
556,"Hospital, The Script","https://imsdb.com/scripts/Hospital,-The.html"
557,Hostage Script,https://imsdb.com/scripts/Hostage.html
558,Hot Tub Time Machine Script,https://imsdb.com/scripts/Hot-Tub-Time-Machine.html
559,Hotel Rwanda Script,https://imsdb.com/scripts/Hotel-Rwanda.html
560,House of 1000 Corpses Script,https://imsdb.com/scripts/House-of-1000-Corpses.html
561,How to Lose Friends & Alienate People Script,https://imsdb.com/scripts/How-to-Lose-Friends-&-Alienate-People.html
562,How to Train Your Dragon Script,https://imsdb.com/scripts/How-to-Train-Your-Dragon.html
563,How to Train Your Dragon 2 Script,https://imsdb.com/scripts/How-to-Train-Your-Dragon-2.html
564,Hudson Hawk Script,https://imsdb.com/scripts/Hudson-Hawk.html
565,"Hudsucker Proxy, The Script","https://imsdb.com/scripts/Hudsucker-Proxy,-The.html"
566,Human Nature Script,https://imsdb.com/scripts/Human-Nature.html
567,"Hunt for Red October, The Script","https://imsdb.com/scripts/Hunt-for-Red-October,-The.html"
568,"Hurt Locker, The Script","https://imsdb.com/scripts/Hurt-Locker,-The.html"
569,I Am Number Four Script,https://imsdb.com/scripts/I-Am-Number-Four.html
570,I am Sam Script,https://imsdb.com/scripts/I-am-Sam.html
571,I Love You Phillip Morris Script,https://imsdb.com/scripts/I-Love-You-Phillip-Morris.html
572,I Spit on Your Grave Script,https://imsdb.com/scripts/I-Spit-on-Your-Grave.html
573,I Still Know What You Did Last Summer Script,https://imsdb.com/scripts/I-Still-Know-What-You-Did-Last-Summer.html
574,I'll Do Anything Script,https://imsdb.com/scripts/I'll-Do-Anything.html
575,"I, Robot Script","https://imsdb.com/scripts/I,-Robot.html"
576,"Ice Storm, The Script","https://imsdb.com/scripts/Ice-Storm,-The.html"
577,"Ides of March, The Script","https://imsdb.com/scripts/Ides-of-March,-The.html"
578,"Imaginarium of Doctor Parnassus, The Script","https://imsdb.com/scripts/Imaginarium-of-Doctor-Parnassus,-The.html"
579,In the Bedroom Script,https://imsdb.com/scripts/In-the-Bedroom.html
580,In the Loop Script,https://imsdb.com/scripts/In-the-Loop.html
581,Inception Script,https://imsdb.com/scripts/Inception.html
582,"Incredibles, The Script","https://imsdb.com/scripts/Incredibles,-The.html"
583,Independence Day Script,https://imsdb.com/scripts/Independence-Day.html
584,Indiana Jones and the Last Crusade Script,https://imsdb.com/scripts/Indiana-Jones-and-the-Last-Crusade.html
585,Indiana Jones and the Raiders of the Lost Ark Script,https://imsdb.com/scripts/Indiana-Jones-and-the-Raiders-of-the-Lost-Ark.html
586,Indiana Jones and the Temple of Doom Script,https://imsdb.com/scripts/Indiana-Jones-and-the-Temple-of-Doom.html
587,Indiana Jones IV Script,https://imsdb.com/scripts/Indiana-Jones-IV.html
588,"Informant, The Script","https://imsdb.com/scripts/Informant,-The.html"
589,Inglourious Basterds Script,https://imsdb.com/scripts/Inglourious-Basterds.html
591,"Insider, The Script","https://imsdb.com/scripts/Insider,-The.html"
592,Insidious Script,https://imsdb.com/scripts/Insidious.html
593,Insomnia Script,https://imsdb.com/scripts/Insomnia.html
594,Interstellar Script,https://imsdb.com/scripts/Interstellar.html
595,Interview with the Vampire Script,https://imsdb.com/scripts/Interview-with-the-Vampire.html
596,Into the Wild Script,https://imsdb.com/scripts/Into-the-Wild.html
597,Into the Woods Script,https://imsdb.com/scripts/Into-the-Woods.html
598,Intolerable Cruelty Script,https://imsdb.com/scripts/Intolerable-Cruelty.html
599,Inventing the Abbotts Script,https://imsdb.com/scripts/Inventing-the-Abbotts.html
600,"Invention of Lying, The Script","https://imsdb.com/scripts/Invention-of-Lying,-The.html"
601,Invictus Script,https://imsdb.com/scripts/Invictus.html
602,"Iron Lady, The Script","https://imsdb.com/scripts/Iron-Lady,-The.html"
603,"Island, The Script","https://imsdb.com/scripts/Island,-The.html"
604,It Script,https://imsdb.com/scripts/It.html
605,It Happened One Night Script,https://imsdb.com/scripts/It-Happened-One-Night.html
606,It Happened One Night Script,https://imsdb.com/scripts/It-Happened-One-Night.html
607,It's a Wonderful Life Script,https://imsdb.com/scripts/It's-a-Wonderful-Life.html
608,It's Complicated Script,https://imsdb.com/scripts/It's-Complicated.html
609,"Italian Job, The Script","https://imsdb.com/scripts/Italian-Job,-The.html"
610,"Jacket, The Script","https://imsdb.com/scripts/Jacket,-The.html"
611,Jackie Brown Script,https://imsdb.com/scripts/Jackie-Brown.html
612,Jacob's Ladder Script,https://imsdb.com/scripts/Jacob's-Ladder.html
613,Jade Script,https://imsdb.com/scripts/Jade.html
614,Jane Eyre Script,https://imsdb.com/scripts/Jane-Eyre.html
615,Jason X Script,https://imsdb.com/scripts/Jason-X.html
616,Jaws Script,https://imsdb.com/scripts/Jaws.html
617,Jaws 2 Script,https://imsdb.com/scripts/Jaws-2.html
618,Jay and Silent Bob Strike Back Script,https://imsdb.com/scripts/Jay-and-Silent-Bob-Strike-Back.html
619,Jennifer Eight Script,https://imsdb.com/scripts/Jennifer-Eight.html
620,Jennifer's Body Script,https://imsdb.com/scripts/Jennifer's-Body.html
621,Jerry Maguire Script,https://imsdb.com/scripts/Jerry-Maguire.html
622,Jeux Interdits Script,https://imsdb.com/scripts/Jeux-Interdits.html
623,JFK Script,https://imsdb.com/scripts/JFK.html
624,Jimmy and Judy Script,https://imsdb.com/scripts/Jimmy-and-Judy.html
625,John Q Script,https://imsdb.com/scripts/John-Q.html
626,John Wick Script,https://imsdb.com/scripts/John-Wick.html
627,Joker Script,https://imsdb.com/scripts/Joker.html
628,Judge Dredd Script,https://imsdb.com/scripts/Judge-Dredd.html
629,Juno Script,https://imsdb.com/scripts/Juno.html
630,Jurassic Park Script,https://imsdb.com/scripts/Jurassic-Park.html
631,Jurassic Park III Script,https://imsdb.com/scripts/Jurassic-Park-III.html
632,Jurassic Park: The Lost World Script,https://imsdb.com/scripts/Jurassic-Park:-The-Lost-World.html
633,Kafka Script,https://imsdb.com/scripts/Kafka.html
634,Kalifornia Script,https://imsdb.com/scripts/Kalifornia.html
635,Kate & Leopold Script,https://imsdb.com/scripts/Kate-&-Leopold.html
636,Kids Script,https://imsdb.com/scripts/Kids.html
637,"Kids Are All Right, The Script","https://imsdb.com/scripts/Kids-Are-All-Right,-The.html"
638,Kill Bill Volume 1 & 2 Script,https://imsdb.com/scripts/Kill-Bill-Volume-1-&-2.html
639,Kill Your Darlings Script,https://imsdb.com/scripts/Kill-Your-Darlings.html
640,Killing Zoe Script,https://imsdb.com/scripts/Killing-Zoe.html
641,King Kong Script,https://imsdb.com/scripts/King-Kong.html
642,"King of Comedy, The Script","https://imsdb.com/scripts/King-of-Comedy,-The.html"
643,"King's Speech, The Script","https://imsdb.com/scripts/King's-Speech,-The.html"
644,"Kingdom, The Script","https://imsdb.com/scripts/Kingdom,-The.html"
645,Kiss of the Spider Woman Script,https://imsdb.com/scripts/Kiss-of-the-Spider-Woman.html
646,Klute Script,https://imsdb.com/scripts/Klute.html
647,Knocked Up Script,https://imsdb.com/scripts/Knocked-Up.html
648,Kramer vs Kramer Script,https://imsdb.com/scripts/Kramer-vs-Kramer.html
649,Kundun Script,https://imsdb.com/scripts/Kundun.html
650,Kung Fu Panda Script,https://imsdb.com/scripts/Kung-Fu-Panda.html
651,L.A. Confidential Script,https://imsdb.com/scripts/L.A.-Confidential.html
652,La La Land Script,https://imsdb.com/scripts/La-La-Land.html
653,Labor of Love Script,https://imsdb.com/scripts/Labor-of-Love.html
654,Labyrinth Script,https://imsdb.com/scripts/Labyrinth.html
655,"Ladykillers, The Script","https://imsdb.com/scripts/Ladykillers,-The.html"
656,Lake Placid Script,https://imsdb.com/scripts/Lake-Placid.html
657,Land of the Dead Script,https://imsdb.com/scripts/Land-of-the-Dead.html
658,Larry Crowne Script,https://imsdb.com/scripts/Larry-Crowne.html
659,"Last Boy Scout, The Script","https://imsdb.com/scripts/Last-Boy-Scout,-The.html"
660,Last Chance Harvey Script,https://imsdb.com/scripts/Last-Chance-Harvey.html
661,"Last Flight, The Script","https://imsdb.com/scripts/Last-Flight,-The.html"
662,"Last of the Mohicans, The Script","https://imsdb.com/scripts/Last-of-the-Mohicans,-The.html"
663,"Last Samurai, The Script","https://imsdb.com/scripts/Last-Samurai,-The.html"
664,"Last Station, The Script","https://imsdb.com/scripts/Last-Station,-The.html"
665,Last Tango in Paris Script,https://imsdb.com/scripts/Last-Tango-in-Paris.html
666,Law Abiding Citizen Script,https://imsdb.com/scripts/Law-Abiding-Citizen.html
667,Le Diable par la Queue Script,https://imsdb.com/scripts/Le-Diable-par-la-Queue.html
668,Leaving Las Vegas Script,https://imsdb.com/scripts/Leaving-Las-Vegas.html
669,Legally Blonde Script,https://imsdb.com/scripts/Legally-Blonde.html
670,Legend Script,https://imsdb.com/scripts/Legend.html
671,Legion Script,https://imsdb.com/scripts/Legion.html
672,"LEGO Movie, The Script","https://imsdb.com/scripts/LEGO-Movie,-The.html"
673,Les Miserables Script,https://imsdb.com/scripts/Les-Miserables.html
674,Les Tontons Flingueurs Script,https://imsdb.com/scripts/Les-Tontons-Flingueurs.html
677,Leviathan Script,https://imsdb.com/scripts/Leviathan.html
678,Liar Liar Script,https://imsdb.com/scripts/Liar-Liar.html
679,Life Script,https://imsdb.com/scripts/Life.html
680,Life As A House Script,https://imsdb.com/scripts/Life-As-A-House.html
681,"Life of David Gale, The Script","https://imsdb.com/scripts/Life-of-David-Gale,-The.html"
682,Life of Pi Script,https://imsdb.com/scripts/Life-of-Pi.html
683,Light Sleeper Script,https://imsdb.com/scripts/Light-Sleeper.html
684,"Limey, The Script","https://imsdb.com/scripts/Limey,-The.html"
685,Limitless Script,https://imsdb.com/scripts/Limitless.html
686,Lincoln Script,https://imsdb.com/scripts/Lincoln.html
687,"Lincoln Lawyer, The Script","https://imsdb.com/scripts/Lincoln-Lawyer,-The.html"
688,"Lion King, The Script","https://imsdb.com/scripts/Lion-King,-The.html"
689,Little Athens Script,https://imsdb.com/scripts/Little-Athens.html
690,Little Men Script,https://imsdb.com/scripts/Little-Men.html
691,"Little Mermaid, The Script","https://imsdb.com/scripts/Little-Mermaid,-The.html"
692,Little Nicky Script,https://imsdb.com/scripts/Little-Nicky.html
693,Living in Oblivion Script,https://imsdb.com/scripts/Living-in-Oblivion.html
694,"Lock, Stock and Two Smoking Barrels Script","https://imsdb.com/scripts/Lock,-Stock-and-Two-Smoking-Barrels.html"
695,Logan Script,https://imsdb.com/scripts/Logan.html
696,Logan's Run Script,https://imsdb.com/scripts/Logan's-Run.html
697,Lone Star Script,https://imsdb.com/scripts/Lone-Star.html
698,"Long Kiss Goodnight, The Script","https://imsdb.com/scripts/Long-Kiss-Goodnight,-The.html"
699,Looper Script,https://imsdb.com/scripts/Looper.html
700,Lord of Illusions Script,https://imsdb.com/scripts/Lord-of-Illusions.html
701,"Lord of the Rings: Fellowship of the Ring, The Script","https://imsdb.com/scripts/Lord-of-the-Rings:-Fellowship-of-the-Ring,-The.html"
702,Lord of the Rings: Return of the King Script,https://imsdb.com/scripts/Lord-of-the-Rings:-Return-of-the-King.html
703,Lord of the Rings: The Two Towers Script,https://imsdb.com/scripts/Lord-of-the-Rings:-The-Two-Towers.html
704,Lord of War Script,https://imsdb.com/scripts/Lord-of-War.html
705,"Losers, The Script","https://imsdb.com/scripts/Losers,-The.html"
706,Lost Highway Script,https://imsdb.com/scripts/Lost-Highway.html
707,Lost Horizon Script,https://imsdb.com/scripts/Lost-Horizon.html
708,Lost in Space Script,https://imsdb.com/scripts/Lost-in-Space.html
709,Lost in Translation Script,https://imsdb.com/scripts/Lost-in-Translation.html
710,Love and Basketball Script,https://imsdb.com/scripts/Love-and-Basketball.html
711,Machete Script,https://imsdb.com/scripts/Machete.html
712,Machine Gun Preacher Script,https://imsdb.com/scripts/Machine-Gun-Preacher.html
713,Mad Max 2: The Road Warrior Script,https://imsdb.com/scripts/Mad-Max-2:-The-Road-Warrior.html
714,Made Script,https://imsdb.com/scripts/Made.html
715,Magnolia Script,https://imsdb.com/scripts/Magnolia.html
716,"Majestic, The (The Bijou) Script","https://imsdb.com/scripts/Majestic,-The-(The-Bijou).html"
717,Major League Script,https://imsdb.com/scripts/Major-League.html
718,Malcolm X Script,https://imsdb.com/scripts/Malcolm-X.html
719,Malibu's Most Wanted Script,https://imsdb.com/scripts/Malibu's-Most-Wanted.html
720,Man in the Iron Mask Script,https://imsdb.com/scripts/Man-in-the-Iron-Mask.html
721,Man On Fire Script,https://imsdb.com/scripts/Man-On-Fire.html
722,Man on the Moon Script,https://imsdb.com/scripts/Man-on-the-Moon.html
723,Man Trouble Script,https://imsdb.com/scripts/Man-Trouble.html
724,"Man Who Knew Too Much, The Script","https://imsdb.com/scripts/Man-Who-Knew-Too-Much,-The.html"
725,"Man Who Wasn't There, The Script","https://imsdb.com/scripts/Man-Who-Wasn't-There,-The.html"
726,"Manchurian Candidate, The Script","https://imsdb.com/scripts/Manchurian-Candidate,-The.html"
727,Manhattan Murder Mystery Script,https://imsdb.com/scripts/Manhattan-Murder-Mystery.html
728,Manhunter Script,https://imsdb.com/scripts/Manhunter.html
729,Margaret Script,https://imsdb.com/scripts/Margaret.html
730,Margin Call Script,https://imsdb.com/scripts/Margin-Call.html
731,Margot at the Wedding Script,https://imsdb.com/scripts/Margot-at-the-Wedding.html
732,"Mariachi, El Script","https://imsdb.com/scripts/Mariachi,-El.html"
733,Marley & Me Script,https://imsdb.com/scripts/Marley-&-Me.html
734,Martha Marcy May Marlene Script,https://imsdb.com/scripts/Martha-Marcy-May-Marlene.html
735,"Martian, The Script","https://imsdb.com/scripts/Martian,-The.html"
736,Marty Script,https://imsdb.com/scripts/Marty.html
737,Mary Poppins Script,https://imsdb.com/scripts/Mary-Poppins.html
738,"Mask, The Script","https://imsdb.com/scripts/Mask,-The.html"
739,Master and Commander Script,https://imsdb.com/scripts/Master-and-Commander.html
740,"Master, The Script","https://imsdb.com/scripts/Master,-The.html"
742,"Matrix Reloaded, The Script","https://imsdb.com/scripts/Matrix-Reloaded,-The.html"
743,"Matrix, The Script","https://imsdb.com/scripts/Matrix,-The.html"
744,Max Payne Script,https://imsdb.com/scripts/Max-Payne.html
745,Mean Streets Script,https://imsdb.com/scripts/Mean-Streets.html
746,"Mechanic, The Script","https://imsdb.com/scripts/Mechanic,-The.html"
747,Meet Joe Black Script,https://imsdb.com/scripts/Meet-Joe-Black.html
748,Meet John Doe Script,https://imsdb.com/scripts/Meet-John-Doe.html
749,Megamind Script,https://imsdb.com/scripts/Megamind.html
750,Memento Script,https://imsdb.com/scripts/Memento.html
751,Men in Black Script,https://imsdb.com/scripts/Men-in-Black.html
752,Men in Black 3 Script,https://imsdb.com/scripts/Men-in-Black-3.html
753,"Men Who Stare at Goats, The Script","https://imsdb.com/scripts/Men-Who-Stare-at-Goats,-The.html"
754,Metro Script,https://imsdb.com/scripts/Metro.html
755,Miami Vice Script,https://imsdb.com/scripts/Miami-Vice.html
756,Midnight Cowboy Script,https://imsdb.com/scripts/Midnight-Cowboy.html
757,Midnight Express Script,https://imsdb.com/scripts/Midnight-Express.html
758,Midnight in Paris Script,https://imsdb.com/scripts/Midnight-in-Paris.html
759,Mighty Joe Young Script,https://imsdb.com/scripts/Mighty-Joe-Young.html
760,Mighty Morphin Power Rangers: The Movie Script,https://imsdb.com/scripts/Mighty-Morphin-Power-Rangers:-The-Movie.html
761,Milk Script,https://imsdb.com/scripts/Milk.html
762,Miller's Crossing Script,https://imsdb.com/scripts/Miller's-Crossing.html
763,Mimic Script,https://imsdb.com/scripts/Mimic.html
764,Mini's First Time Script,https://imsdb.com/scripts/Mini's-First-Time.html
765,Minority Report Script,https://imsdb.com/scripts/Minority-Report.html
766,"Miracle Worker, The Script","https://imsdb.com/scripts/Miracle-Worker,-The.html"
767,Mirrors Script,https://imsdb.com/scripts/Mirrors.html
768,Misery Script,https://imsdb.com/scripts/Misery.html
769,Mission Impossible Script,https://imsdb.com/scripts/Mission-Impossible.html
770,Mission Impossible II Script,https://imsdb.com/scripts/Mission-Impossible-II.html
771,Mission to Mars Script,https://imsdb.com/scripts/Mission-to-Mars.html
772,Moneyball Script,https://imsdb.com/scripts/Moneyball.html
773,Monkeybone Script,https://imsdb.com/scripts/Monkeybone.html
774,Monster's Ball Script,https://imsdb.com/scripts/Monster's-Ball.html
775,Monte Carlo Script,https://imsdb.com/scripts/Monte-Carlo.html
776,Moon Script,https://imsdb.com/scripts/Moon.html
777,Moonrise Kingdom Script,https://imsdb.com/scripts/Moonrise-Kingdom.html
778,Moonstruck Script,https://imsdb.com/scripts/Moonstruck.html
779,Mr Blandings Builds His Dream House Script,https://imsdb.com/scripts/Mr-Blandings-Builds-His-Dream-House.html
780,Mr Brooks Script,https://imsdb.com/scripts/Mr-Brooks.html
781,Mr Deeds Goes to Town Script,https://imsdb.com/scripts/Mr-Deeds-Goes-to-Town.html
782,Mr. Holland's Opus Script,https://imsdb.com/scripts/Mr.-Holland's-Opus.html
783,Mrs. Brown Script,https://imsdb.com/scripts/Mrs.-Brown.html
784,Mud Script,https://imsdb.com/scripts/Mud.html
785,Mulan Script,https://imsdb.com/scripts/Mulan.html
786,Mulholland Drive Script,https://imsdb.com/scripts/Mulholland-Drive.html
787,Mumford Script,https://imsdb.com/scripts/Mumford.html
788,"Mummy, The Script","https://imsdb.com/scripts/Mummy,-The.html"
789,Music of the Heart Script,https://imsdb.com/scripts/Music-of-the-Heart.html
790,Mute Witness Script,https://imsdb.com/scripts/Mute-Witness.html
791,My Best Friend's Wedding Script,https://imsdb.com/scripts/My-Best-Friend's-Wedding.html
792,My Girl Script,https://imsdb.com/scripts/My-Girl.html
793,My Mother Dreams the Satan's Disciples in New York Script,https://imsdb.com/scripts/My-Mother-Dreams-the-Satan's-Disciples-in-New-York.html
794,My Week with Marilyn Script,https://imsdb.com/scripts/My-Week-with-Marilyn.html
795,Mystery Men Script,https://imsdb.com/scripts/Mystery-Men.html
796,Napoleon Dynamite Script,https://imsdb.com/scripts/Napoleon-Dynamite.html
797,Nashville Script,https://imsdb.com/scripts/Nashville.html
798,Natural Born Killers Script,https://imsdb.com/scripts/Natural-Born-Killers.html
799,Never Been Kissed Script,https://imsdb.com/scripts/Never-Been-Kissed.html
800,"Neverending Story, The Script","https://imsdb.com/scripts/Neverending-Story,-The.html"
801,New York Minute Script,https://imsdb.com/scripts/New-York-Minute.html
802,Newsies Script,https://imsdb.com/scripts/Newsies.html
803,Next Script,https://imsdb.com/scripts/Next.html
804,Next Friday Script,https://imsdb.com/scripts/Next-Friday.html
805,"Next Three Days, The Script","https://imsdb.com/scripts/Next-Three-Days,-The.html"
806,Ni vu ni connu Script,https://imsdb.com/scripts/Ni-vu-ni-connu.html
807,Nick of Time Script,https://imsdb.com/scripts/Nick-of-Time.html
808,Night Time (The Poltergeist Treatment) Script,https://imsdb.com/scripts/Night-Time-(The-Poltergeist-Treatment).html
809,Nightbreed Script,https://imsdb.com/scripts/Nightbreed.html
810,"Nightmare Before Christmas, The Script","https://imsdb.com/scripts/Nightmare-Before-Christmas,-The.html"
811,"Nightmare Before Christmas, The Script","https://imsdb.com/scripts/Nightmare-Before-Christmas,-The.html"
812,"Nightmare on Elm Street, A Script","https://imsdb.com/scripts/Nightmare-on-Elm-Street,-A.html"
813,Nightmare on Elm Street: The Final Chapter Script,https://imsdb.com/scripts/Nightmare-on-Elm-Street:-The-Final-Chapter.html
814,Nine Script,https://imsdb.com/scripts/Nine.html
815,"Nines, The Script","https://imsdb.com/scripts/Nines,-The.html"
816,Ninja Assassin Script,https://imsdb.com/scripts/Ninja-Assassin.html
817,Ninotchka Script,https://imsdb.com/scripts/Ninotchka.html
818,"Ninth Gate, The Script","https://imsdb.com/scripts/Ninth-Gate,-The.html"
819,No Country for Old Men Script,https://imsdb.com/scripts/No-Country-for-Old-Men.html
820,No Strings Attached Script,https://imsdb.com/scripts/No-Strings-Attached.html
821,Notting Hill Script,https://imsdb.com/scripts/Notting-Hill.html
822,Nurse Betty Script,https://imsdb.com/scripts/Nurse-Betty.html
824,Oblivion Script,https://imsdb.com/scripts/Oblivion.html
825,Observe and Report Script,https://imsdb.com/scripts/Observe-and-Report.html
826,Obsessed Script,https://imsdb.com/scripts/Obsessed.html
827,Ocean's Eleven Script,https://imsdb.com/scripts/Ocean's-Eleven.html
828,Ocean's Twelve Script,https://imsdb.com/scripts/Ocean's-Twelve.html
829,Office Space Script,https://imsdb.com/scripts/Office-Space.html
830,"Officer and a Gentleman, An Script","https://imsdb.com/scripts/Officer-and-a-Gentleman,-An.html"
831,Omega Man Script,https://imsdb.com/scripts/Omega-Man.html
832,One Flew Over the Cuckoo's Nest Script,https://imsdb.com/scripts/One-Flew-Over-the-Cuckoo's-Nest.html
833,Only God Forgives Script,https://imsdb.com/scripts/Only-God-Forgives.html
834,Ordinary People Script,https://imsdb.com/scripts/Ordinary-People.html
835,Orgy of the Dead Script,https://imsdb.com/scripts/Orgy-of-the-Dead.html
836,Orphan Script,https://imsdb.com/scripts/Orphan.html
837,"Other Boleyn Girl, The Script","https://imsdb.com/scripts/Other-Boleyn-Girl,-The.html"
838,Out of Sight Script,https://imsdb.com/scripts/Out-of-Sight.html
840,"Pacifier, The Script","https://imsdb.com/scripts/Pacifier,-The.html"
841,Pandorum Script,https://imsdb.com/scripts/Pandorum.html
842,Panic Room Script,https://imsdb.com/scripts/Panic-Room.html
843,Papadopoulos & Sons Script,https://imsdb.com/scripts/Papadopoulos-&-Sons.html
844,ParaNorman Script,https://imsdb.com/scripts/ParaNorman.html
845,Pariah Script,https://imsdb.com/scripts/Pariah.html
846,Passengers Script,https://imsdb.com/scripts/Passengers.html
847,"Passion of Joan of Arc, The Script","https://imsdb.com/scripts/Passion-of-Joan-of-Arc,-The.html"
848,"Patriot, The Script","https://imsdb.com/scripts/Patriot,-The.html"
849,Paul Script,https://imsdb.com/scripts/Paul.html
850,Pearl Harbor Script,https://imsdb.com/scripts/Pearl-Harbor.html
851,Peeping Tom Script,https://imsdb.com/scripts/Peeping-Tom.html
852,Peggy Sue Got Married Script,https://imsdb.com/scripts/Peggy-Sue-Got-Married.html
853,Perfect Creature Script,https://imsdb.com/scripts/Perfect-Creature.html
854,"Perfect World, A Script","https://imsdb.com/scripts/Perfect-World,-A.html"
855,"Perks of Being a Wallflower, The Script","https://imsdb.com/scripts/Perks-of-Being-a-Wallflower,-The.html"
856,Pet Sematary Script,https://imsdb.com/scripts/Pet-Sematary.html
857,Pet Sematary II Script,https://imsdb.com/scripts/Pet-Sematary-II.html
858,Petulia Script,https://imsdb.com/scripts/Petulia.html
859,Philadelphia Script,https://imsdb.com/scripts/Philadelphia.html
860,Phone Booth Script,https://imsdb.com/scripts/Phone-Booth.html
861,Pi Script,https://imsdb.com/scripts/Pi.html
862,"Pianist, The Script","https://imsdb.com/scripts/Pianist,-The.html"
863,"Piano, The Script","https://imsdb.com/scripts/Piano,-The.html"
864,Pineapple Express Script,https://imsdb.com/scripts/Pineapple-Express.html
865,Pirates of the Caribbean Script,https://imsdb.com/scripts/Pirates-of-the-Caribbean.html
866,Pirates of the Caribbean: Dead Man's Chest Script,https://imsdb.com/scripts/Pirates-of-the-Caribbean:-Dead-Man's-Chest.html
867,Pitch Black Script,https://imsdb.com/scripts/Pitch-Black.html
868,"Planet of the Apes, The Script","https://imsdb.com/scripts/Planet-of-the-Apes,-The.html"
869,Platinum Blonde Script,https://imsdb.com/scripts/Platinum-Blonde.html
870,Platoon Script,https://imsdb.com/scripts/Platoon.html
871,Pleasantville Script,https://imsdb.com/scripts/Pleasantville.html
872,Point Break Script,https://imsdb.com/scripts/Point-Break.html
873,Pokemon: Mewtwo Returns Script,https://imsdb.com/scripts/Pokemon:-Mewtwo-Returns.html
874,"Postman, The Script","https://imsdb.com/scripts/Postman,-The.html"
875,"Power of One, The Script","https://imsdb.com/scripts/Power-of-One,-The.html"
876,Precious Script,https://imsdb.com/scripts/Precious.html
877,Predator Script,https://imsdb.com/scripts/Predator.html
878,"Prestige, The Script","https://imsdb.com/scripts/Prestige,-The.html"
879,Pretty Woman Script,https://imsdb.com/scripts/Pretty-Woman.html
880,Pretty Woman (final script) Script,https://imsdb.com/scripts/Pretty-Woman-(final-script).html
881,Pride and Prejudice Script,https://imsdb.com/scripts/Pride-and-Prejudice.html
882,Priest Script,https://imsdb.com/scripts/Priest.html
883,"Princess Bride, The Script","https://imsdb.com/scripts/Princess-Bride,-The.html"
884,"Private Life of Sherlock Holmes, The Script","https://imsdb.com/scripts/Private-Life-of-Sherlock-Holmes,-The.html"
885,"Producer, The Script","https://imsdb.com/scripts/Producer,-The.html"
886,"Program, The Script","https://imsdb.com/scripts/Program,-The.html"
887,Prom Night Script,https://imsdb.com/scripts/Prom-Night.html
888,Prometheus Script,https://imsdb.com/scripts/Prometheus.html
889,"Prophecy, The Script","https://imsdb.com/scripts/Prophecy,-The.html"
890,"Proposal, The Script","https://imsdb.com/scripts/Proposal,-The.html"
891,Psycho Script,https://imsdb.com/scripts/Psycho.html
892,Public Enemies Script,https://imsdb.com/scripts/Public-Enemies.html
893,Pulp Fiction Script,https://imsdb.com/scripts/Pulp-Fiction.html
894,Punch-Drunk Love Script,https://imsdb.com/scripts/Punch-Drunk-Love.html
895,Purple Rain Script,https://imsdb.com/scripts/Purple-Rain.html
896,Quantum Project Script,https://imsdb.com/scripts/Quantum-Project.html
897,Queen of the Damned Script,https://imsdb.com/scripts/Queen-of-the-Damned.html
898,"Queen, The Script","https://imsdb.com/scripts/Queen,-The.html"
899,Rachel Getting Married Script,https://imsdb.com/scripts/Rachel-Getting-Married.html
900,Raging Bull Script,https://imsdb.com/scripts/Raging-Bull.html
901,Raising Arizona Script,https://imsdb.com/scripts/Raising-Arizona.html
902,Rambling Rose Script,https://imsdb.com/scripts/Rambling-Rose.html
903,Rambo: First Blood II: The Mission Script,https://imsdb.com/scripts/Rambo:-First-Blood-II:-The-Mission.html
904,"Reader, The Script","https://imsdb.com/scripts/Reader,-The.html"
905,Real Genius Script,https://imsdb.com/scripts/Real-Genius.html
906,Rear Window Script,https://imsdb.com/scripts/Rear-Window.html
907,Rebel Without A Cause Script,https://imsdb.com/scripts/Rebel-Without-A-Cause.html
908,Red Planet Script,https://imsdb.com/scripts/Red-Planet.html
909,Red Riding Hood Script,https://imsdb.com/scripts/Red-Riding-Hood.html
910,Reindeer Games Script,https://imsdb.com/scripts/Reindeer-Games.html
911,"Relic, The Script","https://imsdb.com/scripts/Relic,-The.html"
912,Remember Me Script,https://imsdb.com/scripts/Remember-Me.html
913,"Replacements, The Script","https://imsdb.com/scripts/Replacements,-The.html"
914,Repo Man Script,https://imsdb.com/scripts/Repo-Man.html
915,"Rescuers Down Under, The Script","https://imsdb.com/scripts/Rescuers-Down-Under,-The.html"
916,Reservoir Dogs Script,https://imsdb.com/scripts/Reservoir-Dogs.html
917,Resident Evil Script,https://imsdb.com/scripts/Resident-Evil.html
918,Return of the Apes Script,https://imsdb.com/scripts/Return-of-the-Apes.html
919,"Revenant, The Script","https://imsdb.com/scripts/Revenant,-The.html"
920,Revolutionary Road Script,https://imsdb.com/scripts/Revolutionary-Road.html
921,Ringu Script,https://imsdb.com/scripts/Ringu.html
922,Rise of the Guardians Script,https://imsdb.com/scripts/Rise-of-the-Guardians.html
923,Rise of the Planet of the Apes Script,https://imsdb.com/scripts/Rise-of-the-Planet-of-the-Apes.html
924,RKO 281 Script,https://imsdb.com/scripts/RKO-281.html
925,"Road, The Script","https://imsdb.com/scripts/Road,-The.html"
926,Robin Hood: Prince of Thieves Script,https://imsdb.com/scripts/Robin-Hood:-Prince-of-Thieves.html
927,Robocop Script,https://imsdb.com/scripts/Robocop.html
928,"Rock, The Script","https://imsdb.com/scripts/Rock,-The.html"
929,RocknRolla Script,https://imsdb.com/scripts/RocknRolla.html
930,Rocky Script,https://imsdb.com/scripts/Rocky.html
931,"Rocky Horror Picture Show, The Script","https://imsdb.com/scripts/Rocky-Horror-Picture-Show,-The.html"
932,Romeo & Juliet Script,https://imsdb.com/scripts/Romeo-&-Juliet.html
933,Ronin Script,https://imsdb.com/scripts/Ronin.html
934,Room Script,https://imsdb.com/scripts/Room.html
935,"Roommate, The Script","https://imsdb.com/scripts/Roommate,-The.html"
936,Roughshod Script,https://imsdb.com/scripts/Roughshod.html
937,"Ruins, The Script","https://imsdb.com/scripts/Ruins,-The.html"
938,Runaway Bride Script,https://imsdb.com/scripts/Runaway-Bride.html
939,Rush Script,https://imsdb.com/scripts/Rush.html
940,Rush Hour Script,https://imsdb.com/scripts/Rush-Hour.html
941,Rush Hour 2 Script,https://imsdb.com/scripts/Rush-Hour-2.html
942,Rushmore Script,https://imsdb.com/scripts/Rushmore.html
943,Rust and Bone Script,https://imsdb.com/scripts/Rust-and-Bone.html
944,S. Darko Script,https://imsdb.com/scripts/S.-Darko.html
945,"Saint, The Script","https://imsdb.com/scripts/Saint,-The.html"
946,"Salton Sea, The Script","https://imsdb.com/scripts/Salton-Sea,-The.html"
947,"Sandlot Kids, The Script","https://imsdb.com/scripts/Sandlot-Kids,-The.html"
948,Save the Last Dance Script,https://imsdb.com/scripts/Save-the-Last-Dance.html
949,Saving Mr. Banks Script,https://imsdb.com/scripts/Saving-Mr.-Banks.html
950,Saving Private Ryan Script,https://imsdb.com/scripts/Saving-Private-Ryan.html
951,Saw Script,https://imsdb.com/scripts/Saw.html
952,Scarface Script,https://imsdb.com/scripts/Scarface.html
953,Scary Movie 2 Script,https://imsdb.com/scripts/Scary-Movie-2.html
954,Schindler's List Script,https://imsdb.com/scripts/Schindler's-List.html
955,Scott Pilgrim vs the World Script,https://imsdb.com/scripts/Scott-Pilgrim-vs-the-World.html
956,Scream Script,https://imsdb.com/scripts/Scream.html
957,Scream 2 Script,https://imsdb.com/scripts/Scream-2.html
958,Scream 3 Script,https://imsdb.com/scripts/Scream-3.html
959,Se7en Script,https://imsdb.com/scripts/Se7en.html
960,"Searchers, The Script","https://imsdb.com/scripts/Searchers,-The.html"
961,"Secret Life of Walter Mitty, The Script","https://imsdb.com/scripts/Secret-Life-of-Walter-Mitty,-The.html"
962,Semi-Pro Script,https://imsdb.com/scripts/Semi-Pro.html
963,Sense and Sensibility Script,https://imsdb.com/scripts/Sense-and-Sensibility.html
964,Serenity Script,https://imsdb.com/scripts/Serenity.html
965,Serial Mom Script,https://imsdb.com/scripts/Serial-Mom.html
966,"Sessions, The Script","https://imsdb.com/scripts/Sessions,-The.html"
967,"Seventh Seal, The Script","https://imsdb.com/scripts/Seventh-Seal,-The.html"
968,Sex and the City Script,https://imsdb.com/scripts/Sex-and-the-City.html
969,"Sex, Lies and Videotape Script","https://imsdb.com/scripts/Sex,-Lies-and-Videotape.html"
970,Sexual Life Script,https://imsdb.com/scripts/Sexual-Life.html
971,Shadow of the Vampire Script,https://imsdb.com/scripts/Shadow-of-the-Vampire.html
972,Shakespeare in Love Script,https://imsdb.com/scripts/Shakespeare-in-Love.html
973,Shallow Grave Script,https://imsdb.com/scripts/Shallow-Grave.html
974,Shame Script,https://imsdb.com/scripts/Shame.html
975,Shampoo Script,https://imsdb.com/scripts/Shampoo.html
976,"Shawshank Redemption, The Script","https://imsdb.com/scripts/Shawshank-Redemption,-The.html"
977,She's Out of My League Script,https://imsdb.com/scripts/She's-Out-of-My-League.html
978,Sherlock Holmes Script,https://imsdb.com/scripts/Sherlock-Holmes.html
979,Shifty Script,https://imsdb.com/scripts/Shifty.html
980,"Shining, The Script","https://imsdb.com/scripts/Shining,-The.html"
981,"Shipping News, The Script","https://imsdb.com/scripts/Shipping-News,-The.html"
982,Shivers Script,https://imsdb.com/scripts/Shivers.html
983,Shrek Script,https://imsdb.com/scripts/Shrek.html
984,Shrek the Third Script,https://imsdb.com/scripts/Shrek-the-Third.html
985,Sicario Script,https://imsdb.com/scripts/Sicario.html
986,Sideways Script,https://imsdb.com/scripts/Sideways.html
987,"Siege, The Script","https://imsdb.com/scripts/Siege,-The.html"
988,Signs Script,https://imsdb.com/scripts/Signs.html
989,Silence of the Lambs Script,https://imsdb.com/scripts/Silence-of-the-Lambs.html
990,Silver Bullet Script,https://imsdb.com/scripts/Silver-Bullet.html
991,Silver Linings Playbook Script,https://imsdb.com/scripts/Silver-Linings-Playbook.html
992,Simone Script,https://imsdb.com/scripts/Simone.html
993,Single White Female Script,https://imsdb.com/scripts/Single-White-Female.html
994,Sister Act Script,https://imsdb.com/scripts/Sister-Act.html
995,Six Degrees of Separation Script,https://imsdb.com/scripts/Six-Degrees-of-Separation.html
996,"Sixth Sense, The Script","https://imsdb.com/scripts/Sixth-Sense,-The.html"
997,Sleepless in Seattle Script,https://imsdb.com/scripts/Sleepless-in-Seattle.html
998,Sleepy Hollow Script,https://imsdb.com/scripts/Sleepy-Hollow.html
999,Sling Blade Script,https://imsdb.com/scripts/Sling-Blade.html
1000,Slither Script,https://imsdb.com/scripts/Slither.html
1001,Slumdog Millionaire Script,https://imsdb.com/scripts/Slumdog-Millionaire.html
1002,Smashed Script,https://imsdb.com/scripts/Smashed.html
1003,Smokin' Aces Script,https://imsdb.com/scripts/Smokin'-Aces.html
1004,Snatch Script,https://imsdb.com/scripts/Snatch.html
1005,Sneakers Script,https://imsdb.com/scripts/Sneakers.html
1006,Snow Falling On Cedars Script,https://imsdb.com/scripts/Snow-Falling-On-Cedars.html
1007,Snow White and the Huntsman Script,https://imsdb.com/scripts/Snow-White-and-the-Huntsman.html
1008,So I Married an Axe Murderer Script,https://imsdb.com/scripts/So-I-Married-an-Axe-Murderer.html
1009,"Social Network, The Script","https://imsdb.com/scripts/Social-Network,-The.html"
1010,Solaris Script,https://imsdb.com/scripts/Solaris.html
1011,Soldier Script,https://imsdb.com/scripts/Soldier.html
1012,Someone To Watch Over Me Script,https://imsdb.com/scripts/Someone-To-Watch-Over-Me.html
1013,Something's Gotta Give Script,https://imsdb.com/scripts/Something's-Gotta-Give.html
1014,Source Code Script,https://imsdb.com/scripts/Source-Code.html
1015,South Park Script,https://imsdb.com/scripts/South-Park.html
1016,Space Milkshake Script,https://imsdb.com/scripts/Space-Milkshake.html
1017,Spanglish Script,https://imsdb.com/scripts/Spanglish.html
1018,Spare Me Script,https://imsdb.com/scripts/Spare-Me.html
1019,Spartan Script,https://imsdb.com/scripts/Spartan.html
1020,Speed Script,https://imsdb.com/scripts/Speed.html
1021,Speed Racer Script,https://imsdb.com/scripts/Speed-Racer.html
1022,Sphere Script,https://imsdb.com/scripts/Sphere.html
1023,Spider-Man Script,https://imsdb.com/scripts/Spider-Man.html
1024,St. Elmo's Fire Script,https://imsdb.com/scripts/St.-Elmo's-Fire.html
1025,Star Trek Script,https://imsdb.com/scripts/Star-Trek.html
1026,Star Trek II: The Wrath of Khan Script,https://imsdb.com/scripts/Star-Trek-II:-The-Wrath-of-Khan.html
1027,Star Trek: First Contact Script,https://imsdb.com/scripts/Star-Trek:-First-Contact.html
1028,Star Trek: Generations Script,https://imsdb.com/scripts/Star-Trek:-Generations.html
1029,Star Trek: Nemesis Script,https://imsdb.com/scripts/Star-Trek:-Nemesis.html
1030,Star Trek: The Motion Picture Script,https://imsdb.com/scripts/Star-Trek:-The-Motion-Picture.html
1031,Star Wars: A New Hope Script,https://imsdb.com/scripts/Star-Wars:-A-New-Hope.html
1032,Star Wars: Attack of the Clones Script,https://imsdb.com/scripts/Star-Wars:-Attack-of-the-Clones.html
1033,Star Wars: Return of the Jedi Script,https://imsdb.com/scripts/Star-Wars:-Return-of-the-Jedi.html
1034,Star Wars: Revenge of the Sith Script,https://imsdb.com/scripts/Star-Wars:-Revenge-of-the-Sith.html
1035,Star Wars: The Empire Strikes Back Script,https://imsdb.com/scripts/Star-Wars:-The-Empire-Strikes-Back.html
1036,Star Wars: The Force Awakens Script,https://imsdb.com/scripts/Star-Wars:-The-Force-Awakens.html
1037,Star Wars: The Phantom Menace Script,https://imsdb.com/scripts/Star-Wars:-The-Phantom-Menace.html
1038,Starman Script,https://imsdb.com/scripts/Starman.html
1039,Starship Troopers Script,https://imsdb.com/scripts/Starship-Troopers.html
1040,State and Main Script,https://imsdb.com/scripts/State-and-Main.html
1041,Station West Script,https://imsdb.com/scripts/Station-West.html
1042,Stepmom Script,https://imsdb.com/scripts/Stepmom.html
1043,"Sting, The Script","https://imsdb.com/scripts/Sting,-The.html"
1044,Stir of Echoes Script,https://imsdb.com/scripts/Stir-of-Echoes.html
1045,Storytelling Script,https://imsdb.com/scripts/Storytelling.html
1046,Straight Outta Compton Script,https://imsdb.com/scripts/Straight-Outta-Compton.html
1047,Strange Days Script,https://imsdb.com/scripts/Strange-Days.html
1048,Strangers on a Train Script,https://imsdb.com/scripts/Strangers-on-a-Train.html
1049,"Stuntman, The Script","https://imsdb.com/scripts/Stuntman,-The.html"
1050,Sugar Script,https://imsdb.com/scripts/Sugar.html
1051,Sugar and Spice Script,https://imsdb.com/scripts/Sugar-and-Spice.html
1052,Sunset Blvd. Script,https://imsdb.com/scripts/Sunset-Blvd..html
1053,Sunshine Cleaning Script,https://imsdb.com/scripts/Sunshine-Cleaning.html
1054,Super 8 Script,https://imsdb.com/scripts/Super-8.html
1055,Superbad Script,https://imsdb.com/scripts/Superbad.html
1056,Superfights Script,https://imsdb.com/scripts/Superfights.html
1057,Supergirl Script,https://imsdb.com/scripts/Supergirl.html
1058,"Surfer King, The Script","https://imsdb.com/scripts/Surfer-King,-The.html"
1059,Surrogates Script,https://imsdb.com/scripts/Surrogates.html
1060,Suspect Zero Script,https://imsdb.com/scripts/Suspect-Zero.html
1061,Sweeney Todd: The Demon Barber of Fleet Street Script,https://imsdb.com/scripts/Sweeney-Todd:-The-Demon-Barber-of-Fleet-Street.html
1062,"Sweet Hereafter, The Script","https://imsdb.com/scripts/Sweet-Hereafter,-The.html"
1063,Sweet Smell of Success Script,https://imsdb.com/scripts/Sweet-Smell-of-Success.html
1064,Swingers Script,https://imsdb.com/scripts/Swingers.html
1065,Swordfish Script,https://imsdb.com/scripts/Swordfish.html
1066,"Synecdoche, New York Script","https://imsdb.com/scripts/Synecdoche,-New-York.html"
1067,Syriana Script,https://imsdb.com/scripts/Syriana.html
1068,Take Shelter Script,https://imsdb.com/scripts/Take-Shelter.html
1069,Taking Lives Script,https://imsdb.com/scripts/Taking-Lives.html
1070,"Taking of Pelham One Two Three, The Script","https://imsdb.com/scripts/Taking-of-Pelham-One-Two-Three,-The.html"
1071,Taking Sides Script,https://imsdb.com/scripts/Taking-Sides.html
1072,"Talented Mr. Ripley, The Script","https://imsdb.com/scripts/Talented-Mr.-Ripley,-The.html"
1073,Tall in the Saddle Script,https://imsdb.com/scripts/Tall-in-the-Saddle.html
1074,Tamara Drewe Script,https://imsdb.com/scripts/Tamara-Drewe.html
1075,Taxi Driver Script,https://imsdb.com/scripts/Taxi-Driver.html
1076,Ted Script,https://imsdb.com/scripts/Ted.html
1077,Terminator Script,https://imsdb.com/scripts/Terminator.html
1078,Terminator 2: Judgement Day Script,https://imsdb.com/scripts/Terminator-2:-Judgement-Day.html
1079,Terminator Salvation Script,https://imsdb.com/scripts/Terminator-Salvation.html
1080,The Rage: Carrie 2 Script,https://imsdb.com/scripts/The-Rage:-Carrie-2.html
1081,Thelma & Louise Script,https://imsdb.com/scripts/Thelma-&-Louise.html
1082,"Theory of Everything, The Script","https://imsdb.com/scripts/Theory-of-Everything,-The.html"
1083,There's Something About Mary Script,https://imsdb.com/scripts/There's-Something-About-Mary.html
1084,They Script,https://imsdb.com/scripts/They.html
1085,"Thing, The Script","https://imsdb.com/scripts/Thing,-The.html"
1086,"Things My Father Never Taught Me, The Script","https://imsdb.com/scripts/Things-My-Father-Never-Taught-Me,-The.html"
1087,Thirteen Days Script,https://imsdb.com/scripts/Thirteen-Days.html
1088,This Boy's Life Script,https://imsdb.com/scripts/This-Boy's-Life.html
1089,This is 40 Script,https://imsdb.com/scripts/This-is-40.html
1090,Thor Script,https://imsdb.com/scripts/Thor.html
1091,Thor Ragnarok Script,https://imsdb.com/scripts/Thor-Ragnarok.html
1092,Three Kings Script,https://imsdb.com/scripts/Three-Kings.html
1093,Three Kings (Spoils of War) Script,https://imsdb.com/scripts/Three-Kings-(Spoils-of-War).html
1094,Three Men and a Baby Script,https://imsdb.com/scripts/Three-Men-and-a-Baby.html
1095,"Three Musketeers, The Script","https://imsdb.com/scripts/Three-Musketeers,-The.html"
1096,Thunderbirds Script,https://imsdb.com/scripts/Thunderbirds.html
1097,Thunderheart Script,https://imsdb.com/scripts/Thunderheart.html
1098,Ticker Script,https://imsdb.com/scripts/Ticker.html
1099,Timber Falls Script,https://imsdb.com/scripts/Timber-Falls.html
1100,"Time Machine, The Script","https://imsdb.com/scripts/Time-Machine,-The.html"
1101,Tin Cup Script,https://imsdb.com/scripts/Tin-Cup.html
1102,Tin Men Script,https://imsdb.com/scripts/Tin-Men.html
1103,Tinker Tailor Soldier Spy Script,https://imsdb.com/scripts/Tinker-Tailor-Soldier-Spy.html
1104,Titanic Script,https://imsdb.com/scripts/Titanic.html
1105,TMNT Script,https://imsdb.com/scripts/TMNT.html
1106,To Sleep with Anger Script,https://imsdb.com/scripts/To-Sleep-with-Anger.html
1107,Tombstone Script,https://imsdb.com/scripts/Tombstone.html
1108,Tomorrow Never Dies Script,https://imsdb.com/scripts/Tomorrow-Never-Dies.html
1109,Top Gun Script,https://imsdb.com/scripts/Top-Gun.html
1110,Total Recall Script,https://imsdb.com/scripts/Total-Recall.html
1111,"Tourist, The Script","https://imsdb.com/scripts/Tourist,-The.html"
1112,Toy Story Script,https://imsdb.com/scripts/Toy-Story.html
1113,Traffic Script,https://imsdb.com/scripts/Traffic.html
1114,Training Day Script,https://imsdb.com/scripts/Training-Day.html
1115,Trainspotting Script,https://imsdb.com/scripts/Trainspotting.html
1116,Transformers: The Movie Script,https://imsdb.com/scripts/Transformers:-The-Movie.html
1117,Tremors Script,https://imsdb.com/scripts/Tremors.html
1118,Tristan and Isolde Script,https://imsdb.com/scripts/Tristan-and-Isolde.html
1119,TRON Script,https://imsdb.com/scripts/TRON.html
1120,TRON: Legacy Script,https://imsdb.com/scripts/TRON:-Legacy.html
1121,Tropic Thunder Script,https://imsdb.com/scripts/Tropic-Thunder.html
1123,True Grit Script,https://imsdb.com/scripts/True-Grit.html
1124,True Lies Script,https://imsdb.com/scripts/True-Lies.html
1125,True Romance Script,https://imsdb.com/scripts/True-Romance.html
1126,"Truman Show, The Script","https://imsdb.com/scripts/Truman-Show,-The.html"
1127,Twilight Script,https://imsdb.com/scripts/Twilight.html
1128,Twilight: New Moon Script,https://imsdb.com/scripts/Twilight:-New-Moon.html
1129,Twin Peaks Script,https://imsdb.com/scripts/Twin-Peaks.html
1130,Twins Script,https://imsdb.com/scripts/Twins.html
1131,Two For The Money Script,https://imsdb.com/scripts/Two-For-The-Money.html
1132,U Turn Script,https://imsdb.com/scripts/U-Turn.html
1133,"Ugly Truth, The Script","https://imsdb.com/scripts/Ugly-Truth,-The.html"
1134,Un Singe en Hiver Script,https://imsdb.com/scripts/Un-Singe-en-Hiver.html
1135,Unbreakable Script,https://imsdb.com/scripts/Unbreakable.html
1136,Under Fire Script,https://imsdb.com/scripts/Under-Fire.html
1138,Unknown Script,https://imsdb.com/scripts/Unknown.html
1139,Up Script,https://imsdb.com/scripts/Up.html
1140,Up in the Air Script,https://imsdb.com/scripts/Up-in-the-Air.html
1141,"Usual Suspects, The Script","https://imsdb.com/scripts/Usual-Suspects,-The.html"
1142,V for Vendetta Script,https://imsdb.com/scripts/V-for-Vendetta.html
1144,Valkyrie Script,https://imsdb.com/scripts/Valkyrie.html
1145,Vanilla Sky Script,https://imsdb.com/scripts/Vanilla-Sky.html
1146,"Verdict, The Script","https://imsdb.com/scripts/Verdict,-The.html"
1147,Vertigo Script,https://imsdb.com/scripts/Vertigo.html
1148,Very Bad Things Script,https://imsdb.com/scripts/Very-Bad-Things.html
1149,"Village, The Script","https://imsdb.com/scripts/Village,-The.html"
1150,Virtuosity Script,https://imsdb.com/scripts/Virtuosity.html
1151,"Visitor, The Script","https://imsdb.com/scripts/Visitor,-The.html"
1152,Wag the Dog Script,https://imsdb.com/scripts/Wag-the-Dog.html
1153,"Walk to Remember, A Script","https://imsdb.com/scripts/Walk-to-Remember,-A.html"
1154,Walking Tall Script,https://imsdb.com/scripts/Walking-Tall.html
1155,Wall Street Script,https://imsdb.com/scripts/Wall-Street.html
1156,Wall Street: Money Never Sleeps Script,https://imsdb.com/scripts/Wall-Street:-Money-Never-Sleeps.html
1157,Wall-E Script,https://imsdb.com/scripts/Wall-E.html
1158,Wanted Script,https://imsdb.com/scripts/Wanted.html
1159,War for the Planet of the Apes Script,https://imsdb.com/scripts/War-for-the-Planet-of-the-Apes.html
1160,War Horse Script,https://imsdb.com/scripts/War-Horse.html
1161,War of the Worlds Script,https://imsdb.com/scripts/War-of-the-Worlds.html
1162,Warm Springs Script,https://imsdb.com/scripts/Warm-Springs.html
1163,Warrior Script,https://imsdb.com/scripts/Warrior.html
1164,Watchmen Script,https://imsdb.com/scripts/Watchmen.html
1165,Water for Elephants Script,https://imsdb.com/scripts/Water-for-Elephants.html
1166,"Way Back, The Script","https://imsdb.com/scripts/Way-Back,-The.html"
1167,We Own the Night Script,https://imsdb.com/scripts/We-Own-the-Night.html
1169,What Lies Beneath Script,https://imsdb.com/scripts/What-Lies-Beneath.html
1170,When a Stranger Calls Script,https://imsdb.com/scripts/When-a-Stranger-Calls.html
1171,When Harry Met Sally Script,https://imsdb.com/scripts/When-Harry-Met-Sally.html
1172,While She Was Out Script,https://imsdb.com/scripts/While-She-Was-Out.html
1173,"Whistleblower, The Script","https://imsdb.com/scripts/Whistleblower,-The.html"
1174,White Christmas Script,https://imsdb.com/scripts/White-Christmas.html
1175,White Jazz Script,https://imsdb.com/scripts/White-Jazz.html
1176,"White Ribbon, The Script","https://imsdb.com/scripts/White-Ribbon,-The.html"
1177,White Squall Script,https://imsdb.com/scripts/White-Squall.html
1178,Whiteout Script,https://imsdb.com/scripts/Whiteout.html
1180,Who's Your Daddy Script,https://imsdb.com/scripts/Who's-Your-Daddy.html
1181,Wild At Heart Script,https://imsdb.com/scripts/Wild-At-Heart.html
1182,"Wild Bunch, The Script","https://imsdb.com/scripts/Wild-Bunch,-The.html"
1183,Wild Hogs Script,https://imsdb.com/scripts/Wild-Hogs.html
1184,Wild Things Script,https://imsdb.com/scripts/Wild-Things.html
1185,Wild Things: Diamonds in the Rough Script,https://imsdb.com/scripts/Wild-Things:-Diamonds-in-the-Rough.html
1186,Wild Wild West Script,https://imsdb.com/scripts/Wild-Wild-West.html
1187,Willow Script,https://imsdb.com/scripts/Willow.html
1188,Win Win Script,https://imsdb.com/scripts/Win-Win.html
1189,Wind Chill Script,https://imsdb.com/scripts/Wind-Chill.html
1190,Withnail and I Script,https://imsdb.com/scripts/Withnail-and-I.html
1191,Witness Script,https://imsdb.com/scripts/Witness.html
1192,"Wizard of Oz, The Script","https://imsdb.com/scripts/Wizard-of-Oz,-The.html"
1193,"Wolf of Wall Street, The Script","https://imsdb.com/scripts/Wolf-of-Wall-Street,-The.html"
1194,Wonder Boys Script,https://imsdb.com/scripts/Wonder-Boys.html
1195,Wonder Woman Script,https://imsdb.com/scripts/Wonder-Woman.html
1196,"Woodsman, The Script","https://imsdb.com/scripts/Woodsman,-The.html"
1197,"World is not Enough, The Script","https://imsdb.com/scripts/World-is-not-Enough,-The.html"
1198,"Wrestler, The Script","https://imsdb.com/scripts/Wrestler,-The.html"
1199,"X-Files: Fight the Future, The Script","https://imsdb.com/scripts/X-Files:-Fight-the-Future,-The.html"
1200,X-Men Script,https://imsdb.com/scripts/X-Men.html
1201,X-Men Origins: Wolverine Script,https://imsdb.com/scripts/X-Men-Origins:-Wolverine.html
1202,xXx Script,https://imsdb.com/scripts/xXx.html
1203,Year One Script,https://imsdb.com/scripts/Year-One.html
1204,Yes Man Script,https://imsdb.com/scripts/Yes-Man.html
1205,You Can Count On Me Script,https://imsdb.com/scripts/You-Can-Count-On-Me.html
1206,You've Got Mail Script,https://imsdb.com/scripts/You've-Got-Mail.html
1207,Youth in Revolt Script,https://imsdb.com/scripts/Youth-in-Revolt.html
1208,Zero Dark Thirty Script,https://imsdb.com/scripts/Zero-Dark-Thirty.html
1209,Zerophilia Script,https://imsdb.com/scripts/Zerophilia.html
1210,Zootopia Script,https://imsdb.com/scripts/Zootopia.html
